ori,aggravated-assault,violent-crime,robbery,arson,human-trafficing,rape-legacy,homicide,burglary,motor-vehicle-theft,larceny,rape,property-crime
CA0010000,506.0,700.0,162.0,22.0,0.0,0.0,5.0,369.0,752.0,1165.0,27.0,2286.0
CA0010100,68.0,193.0,111.0,29.0,0.0,0.0,2.0,196.0,470.0,1819.0,12.0,2485.0
CA0010200,9.0,29.0,19.0,3.0,0.0,0.0,0.0,53.0,75.0,322.0,1.0,450.0
CA0010300,210.0,537.0,274.0,52.0,0.0,0.0,6.0,797.0,805.0,3933.0,47.0,5535.0
CA0010400,38.0,107.0,65.0,3.0,0.0,0.0,0.0,161.0,171.0,1117.0,4.0,1449.0
CA0010500,246.0,407.0,131.0,33.0,0.0,0.0,2.0,864.0,1061.0,3797.0,28.0,5722.0
CA0010600,205.0,528.0,253.0,17.0,0.0,0.0,13.0,622.0,1878.0,2850.0,57.0,5350.0
CA0010700,78.0,164.0,47.0,14.0,0.0,0.0,1.0,164.0,196.0,1166.0,38.0,1526.0
CA0010800,39.0,119.0,55.0,9.0,0.0,0.0,1.0,206.0,238.0,999.0,24.0,1443.0
CA0010900,2710.0,5653.0,2479.0,236.0,0.0,0.0,102.0,2537.0,6712.0,13373.0,362.0,22622.0
CA0011000,9.0,18.0,7.0,1.0,0.0,0.0,0.0,65.0,67.0,235.0,2.0,367.0
CA0011100,42.0,94.0,40.0,5.0,0.0,0.0,1.0,161.0,90.0,937.0,11.0,1188.0
CA0011200,173.0,462.0,260.0,10.0,0.0,0.0,7.0,381.0,1054.0,1981.0,22.0,3416.0
CA0011300,145.0,222.0,65.0,19.0,0.0,0.0,0.0,234.0,444.0,1219.0,12.0,1897.0
CA0011400,23.0,43.0,12.0,33.0,0.0,0.0,1.0,60.0,15.0,235.0,7.0,310.0
CA0011500,0.0,4.0,1.0,0.0,0.0,0.0,0.0,8.0,1.0,17.0,3.0,26.0
CA0011600,0.0,0.0,0.0,1.0,0.0,0.0,0.0,16.0,0.0,32.0,0.0,48.0
CA0012100,54.0,184.0,126.0,2.0,0.0,0.0,0.0,9.0,56.0,577.0,4.0,642.0
CA001300X,62.0,110.0,34.0,3.0,0.0,0.0,2.0,80.0,103.0,709.0,12.0,892.0
CA0014100,0.0,0.0,0.0,0.0,0.0,0.0,0.0,0.0,0.0,2.0,0.0,2.0
CA0019700,52.0,71.0,8.0,3.0,0.0,0.0,0.0,50.0,38.0,278.0,11.0,366.0
CA0019900,0.0,0.0,0.0,0.0,0.0,0.0,0.0,1.0,230.0,40.0,0.0,271.0
CA0020000,19.0,19.0,0.0,0.0,0.0,0.0,0.0,4.0,0.0,9.0,0.0,13.0
CA0029900,0.0,0.0,0.0,0.0,0.0,0.0,0.0,0.0,0.0,1.0,0.0,1.0
CA0030000,76.0,90.0,7.0,3.0,0.0,0.0,2.0,92.0,2.0,218.0,5.0,312.0
CA0030200,10.0,13.0,1.0,2.0,0.0,0.0,0.0,10.0,2.0,32.0,2.0,44.0
CA0030300,33.0,39.0,4.0,0.0,0.0,0.0,0.0,27.0,13.0,102.0,2.0,142.0
CA0030500,11.0,14.0,2.0,2.0,0.0,0.0,0.0,7.0,3.0,36.0,1.0,46.0
CA0030600,0.0,0.0,0.0,0.0,0.0,0.0,0.0,0.0,0.0,0.0,0.0,0.0
CA0039900,0.0,0.0,0.0,0.0,0.0,0.0,0.0,0.0,25.0,13.0,0.0,38.0
CA0040000,265.0,341.0,27.0,5.0,0.0,0.0,5.0,422.0,24.0,674.0,44.0,1120.0
CA0040200,401.0,540.0,80.0,104.0,0.0,0.0,3.0,246.0,316.0,1551.0,56.0,2113.0
CA0040300,17.0,20.0,1.0,4.0,0.0,0.0,1.0,18.0,28.0,119.0,1.0,165.0
CA0040400,85.0,147.0,34.0,15.0,0.0,0.0,3.0,105.0,170.0,313.0,25.0,588.0
CA0040500,14.0,17.0,1.0,0.0,0.0,0.0,0.0,35.0,25.0,39.0,2.0,99.0
CA0040600,0.0,0.0,0.0,0.0,0.0,0.0,0.0,1.0,0.0,4.0,0.0,5.0
CA0040700,0.0,0.0,0.0,0.0,0.0,0.0,0.0,0.0,0.0,4.0,0.0,4.0
CA0049700,3.0,3.0,0.0,4.0,0.0,0.0,0.0,6.0,2.0,58.0,0.0,66.0
CA0049900,1.0,1.0,0.0,0.0,0.0,0.0,0.0,0.0,98.0,70.0,0.0,168.0
CA0050000,123.0,146.0,5.0,0.0,0.0,0.0,0.0,209.0,13.0,335.0,18.0,557.0
CA0050100,9.0,12.0,2.0,0.0,0.0,0.0,0.0,28.0,18.0,79.0,1.0,125.0
CA0050200,0.0,0.0,0.0,0.0,0.0,0.0,0.0,0.0,0.0,0.0,0.0,0.0
CA0050300,0.0,0.0,0.0,0.0,0.0,0.0,0.0,7.0,2.0,1.0,0.0,10.0
CA0059900,0.0,0.0,0.0,0.0,0.0,0.0,0.0,0.0,39.0,35.0,0.0,74.0
CA0060000,18.0,24.0,3.0,3.0,0.0,0.0,0.0,55.0,2.0,108.0,3.0,165.0
CA0060100,8.0,16.0,5.0,0.0,0.0,0.0,1.0,22.0,18.0,39.0,2.0,79.0
CA0060200,15.0,21.0,2.0,1.0,0.0,0.0,0.0,23.0,12.0,32.0,4.0,67.0
CA0060300,0.0,0.0,0.0,0.0,0.0,0.0,0.0,0.0,0.0,0.0,0.0,0.0
CA0069900,0.0,0.0,0.0,0.0,0.0,0.0,0.0,0.0,13.0,7.0,0.0,20.0
CA0070000,198.0,298.0,82.0,5.0,0.0,0.0,4.0,304.0,47.0,827.0,14.0,1178.0
CA0070100,400.0,591.0,142.0,45.0,0.0,0.0,9.0,464.0,573.0,1682.0,40.0,2719.0
CA0070200,91.0,169.0,47.0,5.0,0.0,0.0,1.0,187.0,128.0,977.0,30.0,1292.0
CA0070300,0.0,1.0,1.0,1.0,0.0,0.0,0.0,5.0,7.0,108.0,0.0,120.0
CA0070400,211.0,423.0,172.0,53.0,0.0,0.0,2.0,467.0,695.0,2621.0,38.0,3783.0
CA0070500,55.0,114.0,57.0,17.0,0.0,0.0,0.0,129.0,105.0,697.0,2.0,931.0
CA0070600,16.0,30.0,12.0,2.0,0.0,0.0,0.0,36.0,39.0,163.0,2.0,238.0
CA0070700,40.0,65.0,23.0,0.0,0.0,0.0,1.0,53.0,61.0,273.0,1.0,387.0
CA0070800,296.0,477.0,108.0,20.0,0.0,0.0,4.0,284.0,425.0,871.0,69.0,1580.0
CA0070900,40.0,95.0,50.0,8.0,0.0,0.0,0.0,182.0,158.0,1014.0,5.0,1354.0
CA0071000,767.0,1074.0,254.0,66.0,0.0,0.0,20.0,353.0,1511.0,1815.0,33.0,3679.0
CA0071100,81.0,168.0,76.0,29.0,0.0,0.0,2.0,98.0,306.0,450.0,9.0,854.0
CA0071200,61.0,91.0,27.0,3.0,0.0,0.0,0.0,264.0,217.0,1582.0,3.0,2063.0
CA0071300,3.0,3.0,0.0,0.0,0.0,0.0,0.0,10.0,5.0,66.0,0.0,81.0
CA0071400,39.0,76.0,24.0,22.0,0.0,0.0,1.0,88.0,133.0,338.0,12.0,559.0
CA0071500,4.0,15.0,10.0,1.0,0.0,0.0,0.0,32.0,30.0,199.0,1.0,261.0
CA0071600,13.0,15.0,1.0,0.0,0.0,0.0,0.0,20.0,13.0,110.0,1.0,143.0
CA0071800,17.0,40.0,23.0,0.0,0.0,0.0,0.0,1.0,40.0,202.0,0.0,243.0
CA0072100,0.0,2.0,0.0,0.0,0.0,0.0,0.0,15.0,5.0,42.0,2.0,62.0
CA007230X,10.0,21.0,8.0,0.0,0.0,0.0,0.0,48.0,9.0,182.0,3.0,239.0
CA007240X,21.0,54.0,22.0,3.0,0.0,0.0,0.0,104.0,56.0,636.0,11.0,796.0
CA007260X,1.0,6.0,5.0,0.0,0.0,0.0,0.0,44.0,10.0,76.0,0.0,130.0
CA0073300,0.0,0.0,0.0,0.0,0.0,0.0,0.0,0.0,0.0,0.0,0.0,0.0
CA007340X,21.0,42.0,14.0,6.0,0.0,0.0,0.0,73.0,99.0,306.0,7.0,478.0
CA0079900,0.0,0.0,0.0,0.0,0.0,0.0,0.0,0.0,475.0,53.0,0.0,528.0
CA0080000,60.0,121.0,15.0,13.0,0.0,0.0,2.0,95.0,6.0,212.0,44.0,313.0
CA0080100,46.0,77.0,21.0,13.0,0.0,0.0,0.0,80.0,14.0,185.0,10.0,279.0
CA008980X,1.0,1.0,0.0,0.0,0.0,0.0,0.0,0.0,22.0,23.0,0.0,45.0
CA0090000,144.0,219.0,30.0,5.0,0.0,0.0,0.0,361.0,21.0,1353.0,45.0,1735.0
CA0090100,32.0,41.0,6.0,1.0,0.0,0.0,0.0,58.0,41.0,161.0,3.0,260.0
CA0090200,73.0,111.0,20.0,6.0,0.0,0.0,0.0,81.0,34.0,312.0,18.0,427.0
CA009030X,0.0,0.0,0.0,0.0,0.0,0.0,0.0,0.0,0.0,0.0,0.0,0.0
CA0099900,1.0,1.0,0.0,0.0,0.0,0.0,0.0,2.0,37.0,100.0,0.0,139.0
CA0100000,936.0,1137.0,135.0,248.0,0.0,0.0,10.0,1067.0,594.0,1374.0,56.0,3035.0
CA0100100,160.0,240.0,39.0,8.0,0.0,0.0,1.0,306.0,202.0,1826.0,40.0,2334.0
CA0100200,49.0,64.0,6.0,3.0,0.0,0.0,1.0,22.0,16.0,122.0,8.0,160.0
CA0100300,19.0,22.0,2.0,6.0,0.0,0.0,0.0,25.0,16.0,48.0,1.0,89.0
CA0100400,27.0,32.0,3.0,0.0,0.0,0.0,0.0,34.0,22.0,48.0,2.0,104.0
CA0100500,2446.0,3560.0,889.0,159.0,0.0,0.0,77.0,3036.0,2650.0,10789.0,148.0,16475.0
CA0100600,71.0,85.0,12.0,31.0,0.0,0.0,0.0,18.0,17.0,37.0,2.0,72.0
CA0100700,16.0,26.0,7.0,1.0,0.0,0.0,0.0,32.0,29.0,215.0,3.0,276.0
CA0100800,13.0,17.0,3.0,1.0,0.0,0.0,0.0,45.0,25.0,101.0,1.0,171.0
CA0100900,61.0,73.0,9.0,2.0,0.0,0.0,0.0,68.0,26.0,80.0,3.0,174.0
CA0101000,35.0,39.0,4.0,0.0,0.0,0.0,0.0,10.0,13.0,29.0,0.0,52.0
CA0101100,44.0,58.0,10.0,36.0,0.0,0.0,2.0,23.0,55.0,83.0,2.0,161.0
CA0101200,105.0,127.0,11.0,4.0,0.0,0.0,0.0,60.0,50.0,122.0,11.0,232.0
CA0101300,81.0,111.0,18.0,2.0,0.0,0.0,2.0,54.0,76.0,241.0,10.0,371.0
CA0101500,88.0,114.0,17.0,2.0,0.0,0.0,1.0,115.0,100.0,318.0,8.0,533.0
CA0101700,0.0,0.0,0.0,1.0,0.0,0.0,0.0,10.0,1.0,46.0,0.0,57.0
CA0102400,0.0,0.0,0.0,0.0,0.0,0.0,0.0,0.0,0.0,10.0,0.0,10.0
CA0103000,4.0,4.0,0.0,0.0,0.0,0.0,0.0,0.0,0.0,0.0,0.0,0.0
CA0103500,,,,,,,,,,,,
CA0109700,0.0,3.0,1.0,0.0,0.0,0.0,0.0,22.0,7.0,78.0,2.0,107.0
CA0109900,0.0,0.0,0.0,0.0,0.0,0.0,0.0,0.0,157.0,30.0,0.0,187.0
CA010M15M,222.0,227.0,0.0,1.0,0.0,0.0,0.0,0.0,0.0,2.0,5.0,2.0
CA0110000,107.0,128.0,5.0,1.0,0.0,0.0,2.0,85.0,33.0,170.0,14.0,288.0
CA0110100,18.0,22.0,2.0,0.0,0.0,0.0,0.0,29.0,24.0,66.0,2.0,119.0
CA011030X,0.0,0.0,0.0,0.0,0.0,0.0,0.0,0.0,0.0,0.0,0.0,0.0
CA0119900,1.0,2.0,1.0,0.0,0.0,0.0,0.0,0.0,28.0,11.0,0.0,39.0
CA0120000,227.0,288.0,33.0,18.0,0.0,0.0,5.0,364.0,26.0,577.0,23.0,967.0
CA0120100,42.0,77.0,27.0,11.0,0.0,0.0,2.0,125.0,67.0,439.0,6.0,631.0
CA0120300,94.0,182.0,63.0,34.0,0.0,0.0,2.0,181.0,170.0,690.0,23.0,1041.0
CA0120400,3.0,5.0,0.0,0.0,0.0,0.0,0.0,6.0,2.0,9.0,2.0,17.0
CA0120500,48.0,57.0,4.0,11.0,0.0,0.0,0.0,87.0,46.0,230.0,5.0,363.0
CA0120700,8.0,12.0,2.0,0.0,0.0,0.0,0.0,15.0,4.0,40.0,2.0,59.0
CA0120800,0.0,0.0,0.0,2.0,0.0,0.0,0.0,14.0,3.0,39.0,0.0,56.0
CA012090X,1.0,1.0,0.0,0.0,0.0,0.0,0.0,6.0,0.0,13.0,0.0,19.0
CA0121100,3.0,3.0,0.0,2.0,0.0,0.0,0.0,1.0,1.0,58.0,0.0,60.0
CA0129900,5.0,5.0,0.0,0.0,0.0,0.0,0.0,3.0,160.0,88.0,0.0,251.0
CA0130000,174.0,200.0,9.0,35.0,0.0,0.0,1.0,239.0,100.0,372.0,16.0,711.0
CA0130100,93.0,120.0,19.0,28.0,0.0,0.0,4.0,93.0,49.0,474.0,4.0,616.0
CA0130200,53.0,71.0,16.0,56.0,0.0,0.0,0.0,261.0,101.0,443.0,2.0,805.0
CA0130300,0.0,0.0,0.0,0.0,0.0,0.0,0.0,0.0,0.0,0.0,0.0,0.0
CA0130400,117.0,158.0,30.0,8.0,0.0,0.0,1.0,213.0,111.0,679.0,10.0,1003.0
CA0130500,6.0,9.0,3.0,1.0,0.0,0.0,0.0,21.0,16.0,48.0,0.0,85.0
CA0130600,7.0,9.0,2.0,0.0,0.0,0.0,0.0,14.0,12.0,29.0,0.0,55.0
CA0130700,12.0,14.0,1.0,0.0,0.0,0.0,1.0,9.0,6.0,31.0,0.0,46.0
CA013080X,0.0,0.0,0.0,0.0,0.0,0.0,0.0,1.0,0.0,0.0,0.0,1.0
CA0139900,1.0,1.0,0.0,0.0,0.0,0.0,0.0,0.0,53.0,9.0,0.0,62.0
CA0140000,85.0,101.0,8.0,3.0,0.0,0.0,1.0,67.0,1.0,97.0,7.0,165.0
CA0140100,14.0,26.0,10.0,0.0,0.0,0.0,0.0,25.0,10.0,98.0,2.0,133.0
CA014030X,0.0,0.0,0.0,0.0,0.0,0.0,0.0,0.0,0.0,0.0,0.0,0.0
CA0149900,0.0,0.0,0.0,0.0,0.0,0.0,0.0,0.0,19.0,4.0,0.0,23.0
CA0150000,2713.0,3369.0,454.0,279.0,0.0,0.0,59.0,2445.0,2664.0,3599.0,143.0,8708.0
CA0150100,144.0,172.0,20.0,15.0,0.0,0.0,2.0,90.0,141.0,159.0,6.0,390.0
CA0150200,1253.0,2007.0,604.0,599.0,0.0,0.0,44.0,3134.0,3829.0,8656.0,106.0,15619.0
CA0150300,115.0,185.0,38.0,54.0,0.0,0.0,7.0,153.0,252.0,451.0,25.0,856.0
CA0150500,45.0,57.0,4.0,27.0,0.0,0.0,2.0,42.0,72.0,69.0,6.0,183.0
CA0150600,118.0,158.0,19.0,14.0,0.0,0.0,1.0,75.0,45.0,200.0,20.0,320.0
CA0150700,29.0,48.0,16.0,13.0,0.0,0.0,0.0,129.0,105.0,231.0,3.0,465.0
CA0150800,41.0,47.0,5.0,0.0,0.0,0.0,0.0,46.0,28.0,146.0,1.0,220.0
CA0150900,30.0,56.0,16.0,0.0,0.0,0.0,0.0,89.0,40.0,206.0,10.0,335.0
CA0151100,72.0,90.0,9.0,7.0,0.0,0.0,0.0,87.0,44.0,100.0,9.0,231.0
CA0151400,1.0,2.0,1.0,0.0,0.0,0.0,0.0,5.0,0.0,5.0,0.0,10.0
CA0151500,6.0,7.0,0.0,0.0,0.0,0.0,0.0,3.0,2.0,16.0,1.0,21.0
CA0152100,11.0,15.0,4.0,0.0,0.0,0.0,0.0,34.0,10.0,58.0,0.0,102.0
CA0152200,1.0,1.0,0.0,0.0,0.0,0.0,0.0,23.0,0.0,34.0,0.0,57.0
CA0159700,0.0,1.0,0.0,0.0,0.0,0.0,0.0,3.0,1.0,24.0,1.0,28.0
CA0159900,0.0,1.0,0.0,0.0,0.0,0.0,1.0,0.0,304.0,41.0,0.0,345.0
CA0160000,68.0,103.0,18.0,2.0,0.0,0.0,2.0,119.0,16.0,242.0,15.0,377.0
CA0160100,87.0,112.0,12.0,8.0,0.0,0.0,2.0,82.0,111.0,199.0,11.0,392.0
CA0160200,254.0,321.0,45.0,4.0,0.0,0.0,5.0,155.0,209.0,755.0,17.0,1119.0
CA0160300,76.0,104.0,12.0,1.0,0.0,0.0,1.0,61.0,49.0,253.0,15.0,363.0
CA0160500,0.0,0.0,0.0,0.0,0.0,0.0,0.0,0.0,0.0,0.0,0.0,0.0
CA016060X,30.0,31.0,0.0,0.0,0.0,0.0,0.0,2.0,0.0,4.0,1.0,6.0
CA016070X,97.0,106.0,4.0,2.0,0.0,0.0,1.0,32.0,20.0,45.0,4.0,97.0
CA0169900,0.0,0.0,0.0,0.0,0.0,0.0,0.0,0.0,152.0,0.0,0.0,152.0
CA0170000,171.0,193.0,11.0,11.0,0.0,0.0,1.0,237.0,4.0,224.0,10.0,465.0
CA0170100,18.0,29.0,4.0,1.0,0.0,0.0,0.0,31.0,27.0,63.0,7.0,121.0
CA0170200,83.0,127.0,31.0,24.0,0.0,0.0,0.0,97.0,106.0,179.0,13.0,382.0
CA0179900,2.0,2.0,0.0,0.0,0.0,0.0,0.0,1.0,146.0,51.0,0.0,198.0
CA0180000,60.0,70.0,7.0,2.0,0.0,0.0,0.0,55.0,3.0,48.0,3.0,106.0
CA0180100,132.0,140.0,7.0,9.0,0.0,0.0,0.0,45.0,10.0,154.0,1.0,209.0
CA018030X,0.0,0.0,0.0,0.0,0.0,0.0,0.0,0.0,0.0,1.0,0.0,1.0
CA0189900,0.0,0.0,0.0,0.0,0.0,0.0,0.0,0.0,32.0,6.0,0.0,38.0
CA0190000,3983.0,5605.0,1256.0,285.0,0.0,0.0,96.0,2381.0,4850.0,8323.0,270.0,15554.0
CA0190100,94.0,175.0,67.0,3.0,0.0,0.0,3.0,235.0,239.0,1077.0,11.0,1551.0
CA0190200,59.0,87.0,20.0,3.0,0.0,0.0,2.0,265.0,73.0,696.0,6.0,1034.0
CA0190300,27.0,50.0,15.0,1.0,0.0,0.0,4.0,90.0,51.0,165.0,4.0,306.0
CA0190400,5.0,7.0,0.0,0.0,0.0,0.0,0.0,7.0,8.0,37.0,2.0,52.0
CA0190500,96.0,155.0,52.0,12.0,0.0,0.0,0.0,157.0,208.0,610.0,7.0,975.0
CA0190600,115.0,161.0,36.0,6.0,0.0,0.0,2.0,161.0,276.0,425.0,8.0,862.0
CA0190700,134.0,182.0,34.0,0.0,0.0,0.0,2.0,147.0,117.0,238.0,12.0,502.0
CA0190800,205.0,348.0,113.0,5.0,0.0,0.0,3.0,248.0,518.0,1033.0,27.0,1799.0
CA0190900,77.0,150.0,63.0,12.0,0.0,0.0,2.0,74.0,265.0,279.0,8.0,618.0
CA0190C00,0.0,1.0,1.0,0.0,0.0,0.0,0.0,0.0,2.0,12.0,0.0,14.0
CA0190D0X,2.0,3.0,0.0,0.0,0.0,0.0,0.0,17.0,8.0,30.0,1.0,55.0
CA0190I00,3.0,3.0,0.0,0.0,0.0,0.0,0.0,1670.0,0.0,606.0,0.0,2276.0
CA0190K00,4.0,6.0,2.0,1.0,0.0,0.0,0.0,2.0,0.0,9.0,0.0,11.0
CA0190R00,1.0,1.0,0.0,0.0,0.0,0.0,0.0,1.0,2.0,11.0,0.0,14.0
CA0190X0X,5.0,9.0,3.0,0.0,0.0,0.0,0.0,19.0,11.0,99.0,1.0,129.0
CA0191000,57.0,111.0,48.0,10.0,0.0,0.0,0.0,263.0,89.0,892.0,6.0,1244.0
CA0191100,0.0,0.0,0.0,0.0,0.0,0.0,0.0,3.0,1.0,3.0,0.0,7.0
CA0191200,113.0,174.0,48.0,9.0,0.0,0.0,1.0,293.0,301.0,1880.0,12.0,2474.0
CA0191300,18.0,51.0,22.0,9.0,0.0,0.0,1.0,214.0,72.0,410.0,10.0,696.0
CA0191400,86.0,136.0,43.0,13.0,0.0,0.0,3.0,156.0,358.0,555.0,4.0,1069.0
CA0191500,774.0,1125.0,284.0,45.0,0.0,0.0,18.0,222.0,838.0,1189.0,49.0,2249.0
CA0191600,91.0,152.0,42.0,19.0,0.0,0.0,1.0,235.0,165.0,710.0,18.0,1110.0
CA0191700,64.0,91.0,23.0,7.0,0.0,0.0,1.0,53.0,109.0,130.0,3.0,292.0
CA0191800,123.0,196.0,68.0,11.0,0.0,0.0,0.0,332.0,166.0,1102.0,5.0,1600.0
CA0191900,47.0,100.0,39.0,3.0,0.0,0.0,0.0,246.0,146.0,970.0,14.0,1362.0
CA0191F00,14.0,23.0,7.0,2.0,0.0,0.0,2.0,42.0,34.0,167.0,0.0,243.0
CA0191H0X,94.0,205.0,82.0,9.0,0.0,0.0,0.0,281.0,102.0,822.0,29.0,1205.0
CA0191N00,0.0,0.0,0.0,0.0,0.0,0.0,0.0,11.0,2.0,13.0,0.0,26.0
CA0191R0X,176.0,291.0,71.0,9.0,0.0,0.0,2.0,359.0,288.0,1366.0,42.0,2013.0
CA0191W0X,38.0,62.0,17.0,4.0,0.0,0.0,0.0,236.0,85.0,472.0,7.0,793.0
CA0192000,169.0,301.0,107.0,21.0,0.0,0.0,2.0,244.0,694.0,1215.0,23.0,2153.0
CA0192100,37.0,51.0,10.0,0.0,0.0,0.0,0.0,44.0,57.0,247.0,4.0,348.0
CA0192200,177.0,348.0,122.0,21.0,0.0,0.0,9.0,340.0,455.0,980.0,40.0,1775.0
CA0192300,72.0,114.0,31.0,1.0,0.0,0.0,0.0,172.0,157.0,446.0,11.0,775.0
CA0192400,142.0,269.0,104.0,4.0,0.0,0.0,5.0,168.0,470.0,686.0,18.0,1324.0
CA0192500,102.0,206.0,87.0,15.0,0.0,0.0,3.0,407.0,433.0,2357.0,14.0,3197.0
CA0192600,66.0,101.0,20.0,4.0,0.0,0.0,0.0,171.0,102.0,927.0,15.0,1200.0
CA0192700,30.0,52.0,15.0,1.0,0.0,0.0,1.0,65.0,40.0,92.0,6.0,197.0
CA0192800,480.0,675.0,165.0,10.0,0.0,0.0,5.0,281.0,513.0,837.0,25.0,1631.0
CA0192900,30.0,47.0,12.0,1.0,0.0,0.0,0.0,123.0,54.0,298.0,5.0,475.0
CA0192H0X,19.0,39.0,14.0,2.0,0.0,0.0,0.0,36.0,35.0,184.0,6.0,255.0
CA0192J0X,24.0,40.0,7.0,5.0,0.0,0.0,0.0,67.0,17.0,271.0,9.0,355.0
CA0192U0X,100.0,192.0,89.0,5.0,0.0,0.0,0.0,6.0,15.0,110.0,3.0,131.0
CA0193000,1.0,1.0,0.0,0.0,0.0,0.0,0.0,6.0,1.0,6.0,0.0,13.0
CA0193100,184.0,421.0,209.0,32.0,0.0,0.0,3.0,321.0,648.0,751.0,25.0,1720.0
CA0193200,27.0,58.0,28.0,4.0,0.0,0.0,0.0,143.0,134.0,517.0,3.0,794.0
CA0193300,358.0,679.0,264.0,19.0,0.0,0.0,14.0,337.0,889.0,1269.0,43.0,2495.0
CA0193400,12.0,17.0,3.0,2.0,0.0,0.0,0.0,52.0,26.0,104.0,2.0,182.0
CA0193500,133.0,236.0,86.0,9.0,0.0,0.0,1.0,238.0,267.0,1202.0,16.0,1707.0
CA0193600,60.0,92.0,26.0,2.0,0.0,0.0,0.0,105.0,147.0,446.0,6.0,698.0
CA0193700,73.0,124.0,38.0,6.0,0.0,0.0,1.0,82.0,122.0,183.0,12.0,387.0
CA0193800,25.0,44.0,11.0,8.0,0.0,0.0,0.0,94.0,63.0,485.0,8.0,642.0
CA0193900,97.0,154.0,50.0,5.0,0.0,0.0,1.0,59.0,181.0,244.0,6.0,484.0
CA0194000,59.0,78.0,14.0,3.0,0.0,0.0,4.0,61.0,49.0,209.0,1.0,319.0
CA0194100,1344.0,2343.0,721.0,198.0,0.0,0.0,36.0,2554.0,2780.0,7373.0,242.0,12707.0
CA0194200,18535.0,28882.0,8013.0,2994.0,0.0,0.0,351.0,13773.0,21169.0,50990.0,1983.0,85932.0
CA0194300,263.0,441.0,157.0,12.0,0.0,0.0,4.0,102.0,669.0,740.0,17.0,1511.0
CA0194400,17.0,46.0,25.0,1.0,0.0,0.0,0.0,120.0,91.0,573.0,4.0,784.0
CA0194500,69.0,117.0,40.0,7.0,0.0,0.0,3.0,81.0,197.0,181.0,5.0,459.0
CA0194600,38.0,69.0,25.0,7.0,0.0,0.0,2.0,95.0,123.0,696.0,4.0,914.0
CA0194700,107.0,178.0,59.0,36.0,0.0,0.0,2.0,183.0,457.0,424.0,10.0,1064.0
CA0194800,49.0,113.0,51.0,15.0,0.0,0.0,2.0,212.0,237.0,781.0,11.0,1230.0
CA0194900,282.0,437.0,129.0,16.0,0.0,0.0,4.0,223.0,416.0,1132.0,22.0,1771.0
CA0195000,530.0,744.0,153.0,25.0,0.0,0.0,10.0,427.0,543.0,1164.0,51.0,2134.0
CA0195100,3.0,4.0,1.0,0.0,0.0,0.0,0.0,22.0,6.0,58.0,0.0,86.0
CA0195200,141.0,263.0,103.0,14.0,0.0,0.0,2.0,172.0,392.0,745.0,17.0,1309.0
CA0195300,238.0,414.0,118.0,30.0,0.0,0.0,7.0,654.0,352.0,2015.0,51.0,3021.0
CA0195400,97.0,173.0,56.0,5.0,0.0,0.0,3.0,180.0,329.0,657.0,17.0,1166.0
CA0195500,401.0,780.0,271.0,15.0,0.0,0.0,13.0,659.0,1085.0,3015.0,95.0,4759.0
CA0195600,100.0,167.0,54.0,12.0,0.0,0.0,0.0,311.0,196.0,915.0,13.0,1422.0
CA0195700,0.0,0.0,0.0,0.0,0.0,0.0,0.0,3.0,0.0,3.0,0.0,6.0
CA0195800,6.0,11.0,3.0,0.0,0.0,0.0,0.0,27.0,6.0,86.0,2.0,119.0
CA0195900,108.0,189.0,70.0,6.0,0.0,0.0,1.0,158.0,206.0,531.0,10.0,895.0
CA0196000,49.0,83.0,25.0,1.0,0.0,0.0,1.0,104.0,89.0,568.0,8.0,761.0
CA0196100,57.0,86.0,27.0,4.0,0.0,0.0,1.0,49.0,88.0,117.0,1.0,254.0
CA0196200,45.0,75.0,22.0,11.0,0.0,0.0,0.0,114.0,56.0,355.0,8.0,525.0
CA0196300,9.0,12.0,2.0,1.0,0.0,0.0,0.0,63.0,9.0,166.0,1.0,238.0
CA0196400,56.0,92.0,31.0,1.0,0.0,0.0,2.0,195.0,209.0,635.0,3.0,1039.0
CA0196500,335.0,541.0,167.0,59.0,0.0,0.0,1.0,931.0,391.0,2530.0,38.0,3852.0
CA0196600,11.0,14.0,3.0,1.0,0.0,0.0,0.0,15.0,9.0,62.0,0.0,86.0
CA0196700,65.0,94.0,24.0,4.0,0.0,0.0,0.0,103.0,133.0,502.0,5.0,738.0
CA0196800,80.0,118.0,29.0,9.0,0.0,0.0,0.0,166.0,123.0,278.0,9.0,567.0
CA0196900,441.0,637.0,174.0,16.0,0.0,0.0,3.0,314.0,870.0,1762.0,19.0,2946.0
CA0197000,5.0,26.0,17.0,4.0,0.0,0.0,0.0,109.0,92.0,430.0,4.0,631.0
CA0197100,32.0,49.0,13.0,3.0,0.0,0.0,1.0,68.0,38.0,216.0,3.0,322.0
CA0197200,122.0,274.0,105.0,6.0,0.0,0.0,3.0,378.0,497.0,2060.0,44.0,2935.0
CA0197300,17.0,48.0,28.0,5.0,0.0,0.0,0.0,186.0,208.0,466.0,3.0,860.0
CA0197400,25.0,38.0,11.0,4.0,0.0,0.0,1.0,108.0,25.0,193.0,1.0,326.0
CA0197500,109.0,206.0,72.0,4.0,0.0,0.0,1.0,346.0,361.0,1505.0,24.0,2212.0
CA0197600,131.0,237.0,80.0,3.0,0.0,0.0,6.0,257.0,312.0,1065.0,20.0,1634.0
CA0197700,265.0,392.0,98.0,22.0,0.0,0.0,8.0,253.0,529.0,1262.0,21.0,2044.0
CA0197800,1.0,2.0,0.0,0.0,0.0,0.0,0.0,18.0,5.0,54.0,1.0,77.0
CA0198000,33.0,43.0,6.0,2.0,0.0,0.0,0.0,71.0,26.0,238.0,4.0,335.0
CA0198100,1.0,4.0,0.0,1.0,0.0,0.0,0.0,13.0,0.0,12.0,3.0,25.0
CA0198200,0.0,4.0,3.0,0.0,0.0,0.0,0.0,14.0,6.0,50.0,1.0,70.0
CA0198300,0.0,3.0,1.0,0.0,0.0,0.0,0.0,2.0,3.0,40.0,2.0,45.0
CA0198400,2.0,5.0,0.0,1.0,0.0,0.0,0.0,5.0,6.0,58.0,3.0,69.0
CA019900X,7.0,14.0,4.0,3.0,0.0,0.0,0.0,72.0,20.0,170.0,3.0,262.0
CA019960X,841.0,1198.0,257.0,44.0,0.0,0.0,16.0,624.0,759.0,1307.0,84.0,2690.0
CA0199700,18.0,31.0,4.0,10.0,0.0,0.0,0.0,142.0,23.0,383.0,9.0,548.0
CA0199900,57.0,59.0,1.0,0.0,0.0,0.0,1.0,5.0,460.0,137.0,0.0,602.0
CA019A900,822.0,845.0,0.0,1.0,0.0,0.0,0.0,2.0,0.0,1.0,23.0,3.0
CA0200000,175.0,231.0,30.0,4.0,0.0,0.0,4.0,118.0,27.0,528.0,22.0,673.0
CA0200100,26.0,37.0,6.0,4.0,0.0,0.0,1.0,35.0,45.0,79.0,4.0,159.0
CA0200200,202.0,310.0,69.0,18.0,0.0,0.0,4.0,200.0,250.0,691.0,35.0,1141.0
CA020040X,0.0,0.0,0.0,0.0,0.0,0.0,0.0,0.0,0.0,1.0,0.0,1.0
CA0209900,0.0,0.0,0.0,0.0,0.0,0.0,0.0,0.0,128.0,30.0,0.0,158.0
CA0210000,69.0,90.0,13.0,1.0,0.0,0.0,1.0,151.0,5.0,656.0,7.0,812.0
CA0210100,0.0,0.0,0.0,0.0,0.0,0.0,0.0,2.0,0.0,20.0,0.0,22.0
CA0210300,7.0,10.0,0.0,0.0,0.0,0.0,0.0,14.0,9.0,79.0,3.0,102.0
CA0210500,5.0,6.0,1.0,1.0,0.0,0.0,0.0,58.0,14.0,239.0,0.0,311.0
CA0210600,205.0,238.0,24.0,20.0,0.0,0.0,0.0,80.0,135.0,636.0,9.0,851.0
CA0210700,1.0,1.0,0.0,0.0,0.0,0.0,0.0,2.0,1.0,29.0,0.0,32.0
CA0210900,136.0,229.0,67.0,27.0,0.0,0.0,0.0,260.0,500.0,1152.0,26.0,1912.0
CA0211000,3.0,5.0,1.0,1.0,0.0,0.0,0.0,22.0,23.0,194.0,1.0,239.0
CA0211100,3.0,4.0,1.0,0.0,0.0,0.0,0.0,12.0,1.0,75.0,0.0,88.0
CA021120X,0.0,0.0,0.0,0.0,0.0,0.0,0.0,0.0,0.0,0.0,0.0,0.0
CA0211300,0.0,0.0,0.0,1.0,0.0,0.0,0.0,1.0,0.0,8.0,0.0,9.0
CA0211700,18.0,40.0,16.0,0.0,0.0,0.0,0.0,196.0,64.0,492.0,6.0,752.0
CA0219900,0.0,0.0,0.0,0.0,0.0,0.0,0.0,0.0,35.0,108.0,0.0,143.0
CA0220000,48.0,61.0,1.0,0.0,0.0,0.0,0.0,54.0,4.0,125.0,12.0,183.0
CA0229900,0.0,0.0,0.0,0.0,0.0,0.0,0.0,0.0,10.0,7.0,0.0,17.0
CA0230000,147.0,187.0,12.0,19.0,0.0,0.0,6.0,187.0,3.0,474.0,22.0,664.0
CA0230100,16.0,21.0,4.0,1.0,0.0,0.0,0.0,42.0,12.0,224.0,1.0,278.0
CA0230300,107.0,122.0,12.0,52.0,0.0,0.0,0.0,90.0,48.0,132.0,3.0,270.0
CA0230400,35.0,41.0,4.0,1.0,0.0,0.0,0.0,29.0,19.0,46.0,2.0,94.0
CA0230900,0.0,0.0,0.0,0.0,0.0,0.0,0.0,0.0,0.0,0.0,0.0,0.0
CA0239900,0.0,0.0,0.0,0.0,0.0,0.0,0.0,0.0,81.0,25.0,0.0,106.0
CA0240000,415.0,467.0,30.0,10.0,0.0,0.0,3.0,360.0,200.0,797.0,19.0,1357.0
CA0240100,117.0,152.0,29.0,15.0,0.0,0.0,4.0,134.0,185.0,570.0,2.0,889.0
CA0240200,65.0,72.0,5.0,6.0,0.0,0.0,0.0,37.0,22.0,40.0,2.0,99.0
CA0240300,5.0,9.0,2.0,3.0,0.0,0.0,0.0,19.0,28.0,57.0,2.0,104.0
CA0240400,45.0,64.0,17.0,2.0,0.0,0.0,1.0,60.0,51.0,152.0,1.0,263.0
CA0240500,160.0,220.0,35.0,20.0,0.0,0.0,9.0,280.0,159.0,494.0,16.0,933.0
CA0240600,492.0,672.0,133.0,101.0,0.0,0.0,7.0,390.0,427.0,1132.0,40.0,1949.0
CA024080X,0.0,0.0,0.0,0.0,0.0,0.0,0.0,0.0,0.0,0.0,0.0,0.0
CA0241000,1.0,2.0,1.0,0.0,0.0,0.0,0.0,0.0,0.0,2.0,0.0,2.0
CA0241200,0.0,2.0,0.0,0.0,0.0,0.0,0.0,5.0,2.0,5.0,2.0,12.0
CA0249900,0.0,0.0,0.0,0.0,0.0,0.0,0.0,0.0,272.0,71.0,0.0,343.0
CA0250000,21.0,23.0,1.0,1.0,0.0,0.0,1.0,10.0,2.0,19.0,0.0,31.0
CA0250100,9.0,14.0,1.0,0.0,0.0,0.0,0.0,15.0,6.0,23.0,4.0,44.0
CA025020X,0.0,0.0,0.0,0.0,0.0,0.0,0.0,0.0,0.0,0.0,0.0,0.0
CA0259900,0.0,0.0,0.0,0.0,0.0,0.0,0.0,0.0,0.0,3.0,0.0,3.0
CA0260000,14.0,21.0,2.0,1.0,0.0,0.0,2.0,26.0,1.0,31.0,3.0,58.0
CA0260100,13.0,21.0,4.0,0.0,0.0,0.0,0.0,27.0,8.0,61.0,4.0,96.0
CA0269900,0.0,0.0,0.0,0.0,0.0,0.0,0.0,1.0,1.0,5.0,0.0,7.0
CA0270000,163.0,221.0,25.0,5.0,0.0,0.0,3.0,242.0,39.0,803.0,30.0,1084.0
CA0270100,7.0,15.0,5.0,0.0,0.0,0.0,0.0,20.0,2.0,73.0,3.0,95.0
CA0270200,1.0,2.0,1.0,0.0,0.0,0.0,0.0,5.0,8.0,40.0,0.0,53.0
CA0270300,6.0,13.0,2.0,0.0,0.0,0.0,0.0,9.0,15.0,39.0,5.0,63.0
CA0270400,25.0,44.0,13.0,5.0,0.0,0.0,3.0,15.0,37.0,84.0,3.0,136.0
CA0270500,16.0,21.0,2.0,6.0,0.0,0.0,0.0,63.0,64.0,117.0,3.0,244.0
CA0270600,59.0,96.0,22.0,4.0,0.0,0.0,0.0,130.0,67.0,706.0,15.0,903.0
CA0270700,13.0,27.0,3.0,0.0,0.0,0.0,0.0,24.0,8.0,191.0,11.0,223.0
CA0270800,556.0,866.0,233.0,38.0,0.0,0.0,8.0,790.0,912.0,1779.0,69.0,3481.0
CA0270900,3.0,7.0,3.0,0.0,0.0,0.0,0.0,8.0,6.0,67.0,1.0,81.0
CA0271000,42.0,72.0,17.0,1.0,0.0,0.0,0.0,49.0,57.0,392.0,13.0,498.0
CA0271100,30.0,42.0,7.0,0.0,0.0,0.0,0.0,28.0,38.0,70.0,5.0,136.0
CA0271200,24.0,47.0,9.0,4.0,0.0,0.0,0.0,49.0,52.0,231.0,14.0,332.0
CA027150X,0.0,0.0,0.0,0.0,0.0,0.0,0.0,0.0,0.0,0.0,0.0,0.0
CA0271700,0.0,0.0,0.0,0.0,0.0,0.0,0.0,13.0,2.0,37.0,0.0,52.0
CA0271900,3.0,6.0,0.0,0.0,0.0,0.0,0.0,16.0,2.0,21.0,3.0,39.0
CA0279900,1.0,1.0,0.0,0.0,0.0,0.0,0.0,2.0,220.0,85.0,0.0,307.0
CA0280000,42.0,57.0,4.0,4.0,0.0,0.0,0.0,147.0,14.0,175.0,11.0,336.0
CA0280100,8.0,11.0,1.0,0.0,0.0,0.0,0.0,15.0,12.0,64.0,2.0,91.0
CA0280200,187.0,267.0,36.0,8.0,0.0,0.0,0.0,272.0,165.0,883.0,44.0,1320.0
CA0280300,7.0,12.0,1.0,1.0,0.0,0.0,0.0,24.0,5.0,62.0,4.0,91.0
CA028060X,0.0,0.0,0.0,0.0,0.0,0.0,0.0,0.0,0.0,0.0,0.0,0.0
CA0280800,113.0,113.0,0.0,0.0,0.0,0.0,0.0,1.0,0.0,1.0,0.0,2.0
CA0280900,57.0,78.0,16.0,1.0,0.0,0.0,1.0,60.0,46.0,281.0,4.0,387.0
CA0281000,0.0,1.0,1.0,0.0,0.0,0.0,0.0,3.0,3.0,28.0,0.0,34.0
CA0289900,0.0,0.0,0.0,0.0,0.0,0.0,0.0,0.0,28.0,17.0,0.0,45.0
CA0290000,89.0,116.0,10.0,1.0,0.0,0.0,4.0,146.0,7.0,189.0,13.0,342.0
CA0290100,51.0,69.0,17.0,4.0,0.0,0.0,1.0,63.0,64.0,254.0,0.0,381.0
CA0290200,15.0,19.0,2.0,0.0,0.0,0.0,0.0,18.0,22.0,49.0,2.0,89.0
CA029030X,0.0,0.0,0.0,0.0,0.0,0.0,0.0,0.0,0.0,0.0,0.0,0.0
CA0290800,18.0,20.0,1.0,2.0,0.0,0.0,0.0,30.0,12.0,67.0,1.0,109.0
CA0299900,0.0,0.0,0.0,0.0,0.0,0.0,0.0,0.0,83.0,28.0,0.0,111.0
CA0300000,202.0,254.0,27.0,4.0,0.0,0.0,1.0,106.0,121.0,682.0,24.0,909.0
CA0300100,680.0,1241.0,412.0,49.0,0.0,0.0,16.0,1229.0,1739.0,5897.0,133.0,8865.0
CA0300200,31.0,63.0,22.0,7.0,0.0,0.0,0.0,121.0,98.0,959.0,10.0,1178.0
CA0300300,102.0,181.0,64.0,6.0,0.0,0.0,1.0,217.0,399.0,1531.0,14.0,2147.0
CA0300400,306.0,488.0,116.0,32.0,0.0,0.0,2.0,513.0,369.0,2699.0,64.0,3581.0
CA0300500,30.0,60.0,23.0,15.0,0.0,0.0,0.0,133.0,79.0,515.0,7.0,727.0
CA0300600,15.0,25.0,10.0,3.0,0.0,0.0,0.0,51.0,17.0,226.0,0.0,294.0
CA0300700,38.0,67.0,23.0,4.0,0.0,0.0,0.0,199.0,141.0,998.0,6.0,1338.0
CA0300800,241.0,422.0,121.0,8.0,0.0,0.0,2.0,512.0,418.0,2407.0,58.0,3337.0
CA0300900,314.0,512.0,152.0,17.0,0.0,0.0,2.0,645.0,690.0,2603.0,44.0,3938.0
CA0301000,313.0,493.0,107.0,19.0,0.0,0.0,3.0,480.0,441.0,3007.0,70.0,3928.0
CA0301100,67.0,89.0,17.0,7.0,0.0,0.0,1.0,61.0,57.0,292.0,4.0,410.0
CA0301200,105.0,156.0,42.0,6.0,0.0,0.0,1.0,161.0,158.0,788.0,8.0,1107.0
CA0301300,5.0,9.0,3.0,2.0,0.0,0.0,0.0,56.0,43.0,125.0,1.0,224.0
CA0301400,68.0,141.0,43.0,3.0,0.0,0.0,1.0,321.0,152.0,1312.0,29.0,1785.0
CA0301500,108.0,180.0,54.0,31.0,0.0,0.0,4.0,504.0,424.0,1468.0,14.0,2396.0
CA0301600,178.0,232.0,45.0,4.0,0.0,0.0,2.0,305.0,230.0,531.0,7.0,1066.0
CA0301700,58.0,92.0,30.0,4.0,0.0,0.0,1.0,114.0,97.0,655.0,3.0,866.0
CA0301800,38.0,63.0,17.0,0.0,0.0,0.0,1.0,77.0,43.0,183.0,7.0,303.0
CA0301900,868.0,1429.0,401.0,64.0,0.0,0.0,15.0,1136.0,1712.0,4078.0,145.0,6926.0
CA0302000,12.0,26.0,8.0,3.0,0.0,0.0,0.0,60.0,42.0,459.0,6.0,561.0
CA0302100,65.0,128.0,57.0,2.0,0.0,0.0,0.0,121.0,163.0,520.0,6.0,804.0
CA0302200,59.0,148.0,76.0,15.0,0.0,0.0,0.0,283.0,262.0,1586.0,13.0,2131.0
CA0302300,0.0,0.0,0.0,1.0,0.0,0.0,0.0,15.0,5.0,32.0,0.0,52.0
CA0302400,121.0,259.0,114.0,14.0,0.0,0.0,0.0,480.0,342.0,1727.0,24.0,2549.0
CA0302500,22.0,32.0,7.0,1.0,0.0,0.0,0.0,94.0,54.0,425.0,3.0,573.0
CA0302600,66.0,152.0,49.0,8.0,0.0,0.0,1.0,828.0,288.0,3336.0,36.0,4452.0
CA0302700,2.0,4.0,0.0,0.0,0.0,0.0,0.0,11.0,4.0,50.0,2.0,65.0
CA030290X,0.0,0.0,0.0,0.0,0.0,0.0,0.0,0.0,0.0,3.0,0.0,3.0
CA0303200,0.0,0.0,0.0,0.0,0.0,0.0,0.0,41.0,1.0,36.0,0.0,78.0
CA030340X,0.0,0.0,0.0,0.0,0.0,0.0,0.0,0.0,1.0,0.0,0.0,1.0
CA030350X,46.0,71.0,20.0,1.0,0.0,0.0,0.0,112.0,82.0,659.0,5.0,853.0
CA030360X,18.0,32.0,8.0,1.0,0.0,0.0,0.0,33.0,34.0,383.0,6.0,450.0
CA030390X,25.0,41.0,10.0,5.0,0.0,0.0,1.0,73.0,52.0,454.0,5.0,579.0
CA030420X,35.0,57.0,16.0,3.0,0.0,0.0,0.0,73.0,57.0,289.0,6.0,419.0
CA030430X,57.0,95.0,26.0,4.0,0.0,0.0,3.0,124.0,100.0,626.0,9.0,850.0
CA030470X,9.0,13.0,4.0,0.0,0.0,0.0,0.0,16.0,29.0,107.0,0.0,152.0
CA030480X,15.0,19.0,3.0,0.0,0.0,0.0,0.0,35.0,14.0,233.0,1.0,282.0
CA030490X,23.0,28.0,3.0,5.0,0.0,0.0,1.0,56.0,46.0,285.0,1.0,387.0
CA0309600,0.0,0.0,0.0,0.0,0.0,0.0,0.0,1.0,0.0,0.0,0.0,1.0
CA0309700,22.0,31.0,3.0,1.0,0.0,0.0,0.0,27.0,11.0,404.0,6.0,442.0
CA0309900,6.0,7.0,1.0,0.0,0.0,0.0,0.0,3.0,25.0,29.0,0.0,57.0
CA0310000,175.0,220.0,24.0,5.0,0.0,0.0,2.0,247.0,31.0,674.0,19.0,952.0
CA0310100,20.0,32.0,4.0,0.0,0.0,0.0,0.0,29.0,26.0,133.0,8.0,188.0
CA0310300,18.0,38.0,10.0,6.0,0.0,0.0,0.0,72.0,46.0,438.0,10.0,556.0
CA0310400,31.0,70.0,15.0,4.0,0.0,0.0,1.0,176.0,108.0,851.0,23.0,1135.0
CA0310500,168.0,277.0,87.0,16.0,0.0,0.0,4.0,318.0,280.0,2245.0,18.0,2843.0
CA0310700,0.0,0.0,0.0,0.0,0.0,0.0,0.0,0.0,0.0,0.0,0.0,0.0
CA0311200,0.0,0.0,0.0,0.0,0.0,0.0,0.0,0.0,0.0,6.0,0.0,6.0
CA0319900,1.0,1.0,0.0,0.0,0.0,0.0,0.0,1.0,128.0,32.0,0.0,161.0
CA0320000,140.0,159.0,0.0,2.0,0.0,0.0,1.0,92.0,4.0,186.0,18.0,282.0
CA032030X,0.0,0.0,0.0,0.0,0.0,0.0,0.0,0.0,0.0,0.0,0.0,0.0
CA0329900,0.0,0.0,0.0,0.0,0.0,0.0,0.0,0.0,9.0,3.0,0.0,12.0
CA0330000,740.0,964.0,149.0,25.0,0.0,0.0,43.0,1242.0,1690.0,3969.0,32.0,6901.0
CA0330100,93.0,125.0,20.0,0.0,0.0,0.0,4.0,150.0,180.0,213.0,8.0,543.0
CA0330200,82.0,116.0,20.0,9.0,0.0,0.0,3.0,124.0,175.0,575.0,11.0,874.0
CA0330300,85.0,118.0,28.0,35.0,0.0,0.0,0.0,166.0,45.0,337.0,5.0,548.0
CA0330500,92.0,139.0,39.0,4.0,0.0,0.0,2.0,58.0,159.0,498.0,6.0,715.0
CA0330600,162.0,218.0,39.0,4.0,0.0,0.0,4.0,143.0,202.0,135.0,13.0,480.0
CA0330800,191.0,347.0,121.0,14.0,0.0,0.0,14.0,398.0,603.0,1062.0,21.0,2063.0
CA0330900,393.0,534.0,97.0,12.0,0.0,0.0,7.0,281.0,356.0,739.0,37.0,1376.0
CA0331000,24.0,39.0,15.0,1.0,0.0,0.0,0.0,117.0,107.0,381.0,0.0,605.0
CA0331100,166.0,257.0,59.0,9.0,0.0,0.0,5.0,370.0,270.0,1050.0,27.0,1690.0
CA0331200,213.0,306.0,77.0,5.0,0.0,0.0,7.0,245.0,615.0,1030.0,9.0,1890.0
CA0331300,925.0,1491.0,394.0,96.0,0.0,0.0,20.0,1639.0,1885.0,6456.0,152.0,9980.0
CA0331400,44.0,98.0,45.0,4.0,0.0,0.0,3.0,278.0,316.0,868.0,6.0,1462.0
CA0331500,117.0,240.0,86.0,37.0,0.0,0.0,1.0,677.0,773.0,2160.0,36.0,3610.0
CA0331600,11.0,13.0,1.0,0.0,0.0,0.0,1.0,25.0,10.0,76.0,0.0,111.0
CA0331700,31.0,40.0,7.0,0.0,0.0,0.0,1.0,147.0,66.0,408.0,1.0,621.0
CA0331800,92.0,125.0,28.0,4.0,0.0,0.0,0.0,278.0,181.0,1105.0,5.0,1564.0
CA033210X,1.0,1.0,0.0,0.0,0.0,0.0,0.0,20.0,0.0,10.0,0.0,30.0
CA0332400,1.0,2.0,0.0,0.0,0.0,0.0,0.0,0.0,0.0,0.0,1.0,0.0
CA0332500,78.0,130.0,32.0,3.0,0.0,0.0,5.0,136.0,190.0,325.0,15.0,651.0
CA033300X,133.0,199.0,56.0,3.0,0.0,0.0,2.0,194.0,326.0,1128.0,8.0,1648.0
CA033310X,35.0,46.0,10.0,5.0,0.0,0.0,0.0,119.0,73.0,660.0,1.0,852.0
CA033320X,543.0,833.0,245.0,13.0,0.0,0.0,17.0,734.0,1162.0,3230.0,28.0,5126.0
CA033380X,69.0,148.0,67.0,3.0,0.0,0.0,0.0,368.0,357.0,1537.0,12.0,2262.0
CA033400X,14.0,21.0,7.0,0.0,0.0,0.0,0.0,78.0,33.0,241.0,0.0,352.0
CA033410X,11.0,13.0,0.0,0.0,0.0,0.0,0.0,7.0,24.0,58.0,2.0,89.0
CA0334200,44.0,95.0,29.0,4.0,0.0,0.0,0.0,181.0,250.0,774.0,22.0,1205.0
CA0334400,0.0,0.0,0.0,2.0,0.0,0.0,0.0,16.0,0.0,11.0,0.0,27.0
CA0334900,,,,,,,,,,,,
CA033770X,41.0,58.0,11.0,1.0,0.0,0.0,0.0,53.0,90.0,273.0,6.0,416.0
CA033790X,58.0,83.0,21.0,0.0,0.0,0.0,1.0,126.0,133.0,557.0,3.0,816.0
CA0339700,2.0,3.0,0.0,1.0,0.0,0.0,0.0,46.0,15.0,159.0,1.0,220.0
CA0339900,12.0,16.0,0.0,1.0,0.0,0.0,4.0,0.0,34.0,11.0,0.0,45.0
CA033A000,209.0,286.0,66.0,10.0,0.0,0.0,3.0,320.0,674.0,1353.0,8.0,2347.0
CA033A100,0.0,0.0,0.0,0.0,0.0,0.0,0.0,2.0,0.0,6.0,0.0,8.0
CA0340000,1785.0,2579.0,560.0,90.0,0.0,0.0,48.0,2228.0,176.0,5349.0,186.0,7753.0
CA0340100,49.0,83.0,21.0,21.0,0.0,0.0,0.0,223.0,64.0,911.0,13.0,1198.0
CA0340200,43.0,63.0,9.0,4.0,0.0,0.0,0.0,64.0,54.0,327.0,11.0,445.0
CA0340300,4.0,5.0,0.0,0.0,0.0,0.0,0.0,6.0,1.0,5.0,1.0,12.0
CA0340400,2501.0,3547.0,879.0,260.0,0.0,0.0,42.0,2834.0,2511.0,8903.0,125.0,14248.0
CA0340800,3.0,5.0,1.0,0.0,0.0,0.0,0.0,14.0,1.0,62.0,1.0,77.0
CA0340H00,255.0,398.0,92.0,8.0,0.0,0.0,1.0,322.0,165.0,1893.0,50.0,2380.0
CA0341201,,,,,,,,,,,,
CA0341400,3.0,6.0,3.0,0.0,0.0,0.0,0.0,86.0,5.0,18.0,0.0,109.0
CA0342000,1.0,1.0,0.0,2.0,0.0,0.0,0.0,6.0,3.0,15.0,0.0,24.0
CA0342200,0.0,0.0,0.0,0.0,0.0,0.0,0.0,7.0,0.0,3.0,0.0,10.0
CA0344800,0.0,0.0,0.0,0.0,0.0,0.0,0.0,4.0,0.0,12.0,0.0,16.0
CA034550X,230.0,322.0,73.0,1.0,0.0,0.0,6.0,302.0,146.0,1107.0,13.0,1555.0
CA0349600,180.0,286.0,72.0,18.0,0.0,0.0,3.0,341.0,269.0,1511.0,31.0,2121.0
CA0349700,3.0,3.0,0.0,0.0,0.0,0.0,0.0,2.0,4.0,93.0,0.0,99.0
CA0349900,13.0,13.0,0.0,2.0,0.0,0.0,0.0,1.0,1638.0,1082.0,0.0,2721.0
CA0350000,25.0,33.0,2.0,0.0,0.0,0.0,1.0,41.0,17.0,100.0,5.0,158.0
CA0350100,97.0,131.0,17.0,22.0,0.0,0.0,2.0,64.0,96.0,233.0,15.0,393.0
CA035030X,0.0,0.0,0.0,0.0,0.0,0.0,0.0,0.0,0.0,0.0,0.0,0.0
CA0359900,0.0,0.0,0.0,0.0,0.0,0.0,0.0,0.0,19.0,3.0,0.0,22.0
CA0360000,1599.0,1859.0,133.0,72.0,0.0,0.0,23.0,902.0,928.0,1421.0,104.0,3251.0
CA0360100,192.0,275.0,69.0,35.0,0.0,0.0,3.0,347.0,186.0,395.0,11.0,928.0
CA0360200,224.0,335.0,77.0,6.0,0.0,0.0,3.0,274.0,308.0,1493.0,31.0,2075.0
CA0360300,80.0,191.0,95.0,8.0,0.0,0.0,6.0,234.0,370.0,825.0,10.0,1429.0
CA0360400,423.0,666.0,162.0,16.0,0.0,0.0,7.0,475.0,773.0,1256.0,74.0,2504.0
CA0360500,136.0,252.0,78.0,30.0,0.0,0.0,4.0,409.0,281.0,757.0,34.0,1447.0
CA0360600,68.0,80.0,8.0,6.0,0.0,0.0,0.0,22.0,15.0,71.0,4.0,108.0
CA0360700,398.0,686.0,195.0,23.0,0.0,0.0,10.0,641.0,1057.0,2296.0,83.0,3994.0
CA0360800,112.0,238.0,69.0,13.0,0.0,0.0,6.0,323.0,253.0,1289.0,51.0,1865.0
CA0360900,304.0,500.0,145.0,13.0,0.0,0.0,7.0,357.0,458.0,1710.0,44.0,2525.0
CA0361000,2101.0,3033.0,730.0,98.0,0.0,0.0,68.0,1201.0,1709.0,3149.0,134.0,6059.0
CA0361100,237.0,363.0,109.0,0.0,0.0,0.0,1.0,363.0,278.0,1118.0,16.0,1759.0
CA0361200,810.0,1084.0,200.0,35.0,0.0,0.0,19.0,475.0,594.0,889.0,55.0,1958.0
CA0361300,220.0,274.0,38.0,18.0,0.0,0.0,4.0,82.0,84.0,138.0,12.0,304.0
CA0361400,2.0,3.0,0.0,0.0,0.0,0.0,0.0,4.0,4.0,26.0,1.0,34.0
CA0361600,426.0,551.0,78.0,15.0,0.0,0.0,2.0,573.0,353.0,2339.0,45.0,3265.0
CA036200X,52.0,62.0,3.0,1.0,0.0,0.0,1.0,20.0,5.0,66.0,6.0,91.0
CA036210X,32.0,35.0,1.0,1.0,0.0,0.0,0.0,43.0,47.0,121.0,2.0,211.0
CA036220X,58.0,84.0,20.0,5.0,0.0,0.0,0.0,106.0,116.0,332.0,6.0,554.0
CA0362300,2.0,12.0,10.0,7.0,0.0,0.0,0.0,68.0,2.0,67.0,0.0,137.0
CA0362600,0.0,0.0,0.0,0.0,0.0,0.0,0.0,8.0,6.0,1.0,0.0,15.0
CA036300X,303.0,379.0,67.0,15.0,0.0,0.0,2.0,126.0,250.0,363.0,7.0,739.0
CA036310X,126.0,141.0,7.0,9.0,0.0,0.0,0.0,94.0,36.0,106.0,8.0,236.0
CA036320X,447.0,549.0,76.0,18.0,0.0,0.0,7.0,286.0,287.0,600.0,19.0,1173.0
CA036330X,359.0,427.0,44.0,9.0,0.0,0.0,4.0,196.0,163.0,502.0,20.0,861.0
CA036350X,113.0,153.0,21.0,0.0,0.0,0.0,2.0,122.0,133.0,346.0,17.0,601.0
CA0363900,0.0,0.0,0.0,0.0,0.0,0.0,0.0,2.0,2.0,19.0,0.0,23.0
CA036400X,83.0,112.0,23.0,3.0,0.0,0.0,0.0,184.0,92.0,557.0,6.0,833.0
CA036410X,134.0,161.0,16.0,9.0,0.0,0.0,2.0,76.0,28.0,168.0,9.0,272.0
CA0365000,2.0,4.0,2.0,2.0,0.0,0.0,0.0,25.0,1.0,26.0,0.0,52.0
CA0365400,2.0,2.0,0.0,0.0,0.0,0.0,0.0,51.0,0.0,32.0,0.0,83.0
CA0365700,263.0,263.0,0.0,0.0,0.0,0.0,0.0,0.0,0.0,0.0,0.0,0.0
CA036590X,0.0,0.0,0.0,0.0,0.0,0.0,0.0,2.0,0.0,0.0,0.0,2.0
CA0369900,37.0,37.0,0.0,0.0,0.0,0.0,0.0,3.0,86.0,44.0,0.0,133.0
CA0370000,1134.0,1435.0,182.0,38.0,0.0,0.0,19.0,742.0,834.0,2318.0,100.0,3894.0
CA0370100,162.0,224.0,35.0,8.0,0.0,0.0,3.0,256.0,157.0,1428.0,24.0,1841.0
CA0370200,541.0,916.0,302.0,67.0,0.0,0.0,10.0,476.0,760.0,2021.0,63.0,3257.0
CA0370300,8.0,17.0,6.0,0.0,0.0,0.0,0.0,32.0,32.0,203.0,3.0,267.0
CA0370400,5.0,8.0,0.0,0.0,0.0,0.0,0.0,21.0,10.0,40.0,3.0,71.0
CA0370500,361.0,512.0,113.0,41.0,0.0,0.0,5.0,288.0,355.0,1203.0,33.0,1846.0
CA0370600,395.0,569.0,118.0,23.0,0.0,0.0,5.0,400.0,432.0,1865.0,51.0,2697.0
CA0370700,65.0,95.0,21.0,4.0,0.0,0.0,1.0,33.0,78.0,172.0,8.0,283.0
CA0370800,105.0,181.0,58.0,21.0,0.0,0.0,2.0,233.0,154.0,649.0,16.0,1036.0
CA0370900,229.0,351.0,99.0,7.0,0.0,0.0,4.0,139.0,261.0,760.0,19.0,1160.0
CA0371000,501.0,717.0,139.0,48.0,0.0,0.0,4.0,425.0,419.0,2336.0,73.0,3180.0
CA0371100,3555.0,5303.0,1207.0,222.0,0.0,0.0,56.0,3324.0,4953.0,16044.0,485.0,24321.0
CA0371200,141.0,194.0,40.0,7.0,0.0,0.0,0.0,164.0,161.0,646.0,13.0,971.0
CA0371300,238.0,345.0,76.0,9.0,0.0,0.0,2.0,193.0,270.0,740.0,29.0,1203.0
CA0371400,4.0,10.0,3.0,2.0,0.0,0.0,0.0,70.0,12.0,140.0,3.0,222.0
CA0371500,57.0,80.0,15.0,5.0,0.0,0.0,0.0,78.0,3.0,368.0,8.0,449.0
CA0372200,0.0,0.0,0.0,0.0,0.0,0.0,0.0,1.0,0.0,1.0,0.0,2.0
CA0372400,0.0,0.0,0.0,0.0,0.0,0.0,0.0,0.0,0.0,0.0,0.0,0.0
CA0372500,8.0,8.0,0.0,2.0,0.0,0.0,0.0,7.0,0.0,89.0,0.0,96.0
CA0373200,0.0,0.0,0.0,0.0,0.0,0.0,0.0,4.0,1.0,12.0,0.0,17.0
CA0379700,7.0,12.0,2.0,0.0,0.0,0.0,0.0,35.0,36.0,365.0,3.0,436.0
CA0379900,26.0,26.0,0.0,0.0,0.0,0.0,0.0,1.0,121.0,31.0,0.0,153.0
CA037A100,94.0,147.0,43.0,3.0,0.0,0.0,2.0,51.0,89.0,280.0,8.0,420.0
CA037A200,132.0,167.0,24.0,6.0,0.0,0.0,1.0,57.0,58.0,337.0,10.0,452.0
CA037A300,33.0,53.0,16.0,5.0,0.0,0.0,0.0,84.0,37.0,245.0,4.0,366.0
CA037A400,99.0,133.0,24.0,3.0,0.0,0.0,0.0,143.0,56.0,477.0,10.0,676.0
CA037A500,9.0,14.0,4.0,0.0,0.0,0.0,0.0,44.0,18.0,93.0,1.0,155.0
CA0380000,,,,,,,,,,,,
CA0380100,2162.0,4796.0,2388.0,377.0,0.0,0.0,48.0,7452.0,5966.0,25319.0,198.0,38737.0
CA0380300,0.0,2.0,1.0,0.0,0.0,0.0,0.0,25.0,4.0,58.0,1.0,87.0
CA0380500,13.0,115.0,101.0,1.0,0.0,0.0,0.0,1.0,0.0,184.0,1.0,185.0
CA0381900,0.0,0.0,0.0,0.0,0.0,0.0,0.0,0.0,0.0,0.0,0.0,0.0
CA0389700,6.0,9.0,0.0,3.0,0.0,0.0,1.0,35.0,13.0,336.0,2.0,384.0
CA0389900,0.0,0.0,0.0,0.0,0.0,0.0,0.0,0.0,6.0,4.0,0.0,10.0
CA0390000,638.0,822.0,150.0,44.0,0.0,0.0,16.0,600.0,172.0,1880.0,18.0,2652.0
CA0390100,18.0,24.0,3.0,0.0,0.0,0.0,0.0,32.0,18.0,88.0,3.0,138.0
CA0390200,126.0,225.0,83.0,14.0,0.0,0.0,4.0,204.0,235.0,823.0,12.0,1262.0
CA0390300,130.0,217.0,68.0,23.0,0.0,0.0,3.0,180.0,247.0,1002.0,16.0,1429.0
CA0390400,4.0,8.0,2.0,1.0,0.0,0.0,0.0,21.0,32.0,162.0,2.0,215.0
CA0390500,2869.0,4023.0,909.0,187.0,0.0,0.0,56.0,1533.0,1496.0,6362.0,189.0,9391.0
CA0390600,89.0,174.0,57.0,6.0,0.0,0.0,5.0,205.0,245.0,1179.0,23.0,1629.0
CA0391500,14.0,24.0,9.0,0.0,0.0,0.0,0.0,25.0,2.0,55.0,1.0,82.0
CA0392100,0.0,0.0,0.0,0.0,0.0,0.0,0.0,17.0,0.0,403.0,0.0,420.0
CA0399900,0.0,0.0,0.0,0.0,0.0,0.0,0.0,0.0,450.0,137.0,0.0,587.0
CA0400000,219.0,260.0,12.0,6.0,0.0,0.0,1.0,314.0,33.0,718.0,28.0,1065.0
CA0400100,17.0,26.0,6.0,1.0,0.0,0.0,0.0,44.0,22.0,174.0,3.0,240.0
CA0400200,16.0,24.0,4.0,2.0,0.0,0.0,1.0,35.0,23.0,143.0,3.0,201.0
CA0400300,41.0,46.0,3.0,2.0,0.0,0.0,1.0,32.0,7.0,120.0,1.0,159.0
CA0400400,40.0,53.0,8.0,9.0,0.0,0.0,3.0,35.0,33.0,295.0,2.0,363.0
CA0400500,46.0,56.0,6.0,2.0,0.0,0.0,0.0,37.0,14.0,251.0,4.0,302.0
CA0400600,139.0,207.0,28.0,24.0,0.0,0.0,1.0,284.0,117.0,1219.0,39.0,1620.0
CA0400700,3.0,6.0,0.0,1.0,0.0,0.0,0.0,12.0,6.0,83.0,3.0,101.0
CA0400800,62.0,84.0,12.0,3.0,0.0,0.0,0.0,70.0,30.0,293.0,10.0,393.0
CA0401300,0.0,0.0,0.0,0.0,0.0,0.0,0.0,0.0,1.0,17.0,0.0,18.0
CA0401400,1.0,1.0,0.0,0.0,0.0,0.0,0.0,0.0,1.0,40.0,0.0,41.0
CA040160X,53.0,53.0,0.0,0.0,0.0,0.0,0.0,0.0,0.0,0.0,0.0,0.0
CA0401800,0.0,0.0,0.0,2.0,0.0,0.0,0.0,0.0,0.0,0.0,0.0,0.0
CA0401900,0.0,0.0,0.0,0.0,0.0,0.0,0.0,5.0,0.0,1.0,0.0,6.0
CA0409900,0.0,0.0,0.0,0.0,0.0,0.0,0.0,0.0,74.0,27.0,0.0,101.0
CA0410000,158.0,319.0,74.0,13.0,0.0,0.0,2.0,334.0,390.0,2172.0,85.0,2896.0
CA0410100,10.0,15.0,2.0,1.0,0.0,0.0,0.0,39.0,4.0,99.0,3.0,142.0
CA0410200,34.0,52.0,7.0,2.0,0.0,0.0,0.0,53.0,34.0,335.0,11.0,422.0
CA0410300,7.0,12.0,2.0,0.0,0.0,0.0,1.0,26.0,17.0,50.0,2.0,93.0
CA0410400,41.0,67.0,21.0,4.0,0.0,0.0,0.0,131.0,130.0,890.0,5.0,1151.0
CA0410500,9.0,23.0,13.0,0.0,0.0,0.0,1.0,48.0,15.0,155.0,0.0,218.0
CA0410600,84.0,192.0,77.0,33.0,0.0,0.0,0.0,143.0,271.0,1046.0,31.0,1460.0
CA0410800,5.0,6.0,1.0,0.0,0.0,0.0,0.0,37.0,5.0,57.0,0.0,99.0
CA0410900,21.0,52.0,25.0,3.0,0.0,0.0,0.0,127.0,59.0,595.0,6.0,781.0
CA0411100,59.0,82.0,10.0,5.0,0.0,0.0,0.0,78.0,56.0,581.0,13.0,715.0
CA0411300,90.0,187.0,58.0,11.0,0.0,0.0,1.0,240.0,279.0,970.0,38.0,1489.0
CA0411400,59.0,100.0,28.0,5.0,0.0,0.0,0.0,86.0,144.0,708.0,13.0,938.0
CA0411600,158.0,274.0,71.0,5.0,0.0,0.0,4.0,523.0,290.0,1493.0,41.0,2306.0
CA0411700,81.0,155.0,58.0,6.0,0.0,0.0,1.0,157.0,248.0,1155.0,15.0,1560.0
CA0411900,15.0,20.0,4.0,2.0,0.0,0.0,0.0,14.0,13.0,34.0,1.0,61.0
CA0412000,24.0,41.0,8.0,0.0,0.0,0.0,0.0,41.0,32.0,409.0,9.0,482.0
CA0412300,4.0,11.0,6.0,1.0,0.0,0.0,0.0,1.0,4.0,75.0,1.0,80.0
CA041240X,0.0,0.0,0.0,0.0,0.0,0.0,0.0,0.0,0.0,1.0,0.0,1.0
CA0412700,76.0,146.0,55.0,12.0,0.0,0.0,6.0,76.0,189.0,404.0,9.0,669.0
CA0419900,0.0,0.0,0.0,0.0,0.0,0.0,0.0,1.0,16.0,20.0,0.0,37.0
CA0420000,159.0,225.0,32.0,15.0,0.0,0.0,0.0,277.0,60.0,1279.0,34.0,1616.0
CA0420100,13.0,17.0,1.0,1.0,0.0,0.0,0.0,18.0,31.0,40.0,3.0,89.0
CA0420200,183.0,239.0,27.0,19.0,0.0,0.0,4.0,175.0,231.0,566.0,25.0,972.0
CA0420300,243.0,389.0,84.0,17.0,0.0,0.0,2.0,217.0,223.0,1748.0,60.0,2188.0
CA0420400,572.0,834.0,179.0,23.0,0.0,0.0,2.0,328.0,1030.0,1114.0,81.0,2472.0
CA0420500,16.0,21.0,4.0,2.0,0.0,0.0,0.0,25.0,26.0,183.0,1.0,234.0
CA042070X,0.0,0.0,0.0,1.0,0.0,0.0,0.0,0.0,0.0,0.0,0.0,0.0
CA0421000,7.0,8.0,1.0,0.0,0.0,0.0,0.0,8.0,3.0,54.0,0.0,65.0
CA0421100,0.0,0.0,0.0,0.0,0.0,0.0,0.0,0.0,0.0,1.0,0.0,1.0
CA0421200,5.0,8.0,2.0,1.0,0.0,0.0,0.0,6.0,15.0,58.0,1.0,79.0
CA042140X,44.0,60.0,11.0,5.0,0.0,0.0,0.0,91.0,52.0,440.0,5.0,583.0
CA0429700,6.0,23.0,0.0,1.0,0.0,0.0,0.0,33.0,4.0,274.0,17.0,311.0
CA0429900,0.0,0.0,0.0,0.0,0.0,0.0,0.0,0.0,162.0,55.0,0.0,217.0
CA0430000,250.0,323.0,26.0,0.0,0.0,0.0,1.0,188.0,254.0,854.0,46.0,1296.0
CA0430200,61.0,110.0,37.0,16.0,0.0,0.0,0.0,246.0,206.0,913.0,12.0,1365.0
CA0430300,34.0,69.0,26.0,14.0,0.0,0.0,0.0,196.0,53.0,581.0,9.0,830.0
CA0430400,139.0,260.0,78.0,22.0,0.0,0.0,2.0,170.0,423.0,914.0,41.0,1507.0
CA0430500,9.0,23.0,11.0,1.0,0.0,0.0,1.0,81.0,21.0,221.0,2.0,323.0
CA0430600,2.0,6.0,2.0,0.0,0.0,0.0,0.0,33.0,2.0,24.0,2.0,59.0
CA0430700,8.0,20.0,9.0,0.0,0.0,0.0,0.0,103.0,45.0,258.0,3.0,406.0
CA0430800,53.0,111.0,40.0,6.0,0.0,0.0,2.0,277.0,310.0,1516.0,16.0,2103.0
CA0430900,4.0,4.0,0.0,0.0,0.0,0.0,0.0,4.0,2.0,9.0,0.0,15.0
CA0431000,38.0,59.0,16.0,2.0,0.0,0.0,2.0,149.0,177.0,440.0,3.0,766.0
CA0431100,83.0,144.0,52.0,5.0,0.0,0.0,0.0,422.0,189.0,1566.0,9.0,2177.0
CA0431200,29.0,81.0,39.0,22.0,0.0,0.0,1.0,242.0,119.0,1570.0,12.0,1931.0
CA0431300,2584.0,4375.0,1185.0,252.0,0.0,0.0,40.0,4045.0,7065.0,12737.0,566.0,23847.0
CA0431400,81.0,206.0,85.0,15.0,0.0,0.0,1.0,432.0,555.0,2314.0,39.0,3301.0
CA0431500,13.0,18.0,2.0,4.0,0.0,0.0,1.0,67.0,25.0,124.0,2.0,216.0
CA0431600,134.0,229.0,61.0,27.0,0.0,0.0,2.0,516.0,386.0,2276.0,32.0,3178.0
CA0431700,6.0,19.0,5.0,2.0,0.0,0.0,0.0,50.0,6.0,105.0,8.0,161.0
CA0432000,1.0,1.0,0.0,0.0,0.0,0.0,0.0,0.0,1.0,16.0,0.0,17.0
CA043210X,0.0,1.0,0.0,0.0,0.0,0.0,0.0,3.0,1.0,7.0,1.0,11.0
CA0432700,0.0,0.0,0.0,1.0,0.0,0.0,0.0,4.0,1.0,5.0,0.0,10.0
CA0433600,0.0,0.0,0.0,0.0,0.0,0.0,0.0,0.0,0.0,2.0,0.0,2.0
CA043380X,1.0,1.0,0.0,0.0,0.0,0.0,0.0,0.0,0.0,0.0,0.0,0.0
CA043950X,44.0,77.0,30.0,0.0,0.0,0.0,0.0,4.0,22.0,59.0,3.0,85.0
CA0439900,4.0,4.0,0.0,0.0,0.0,0.0,0.0,1.0,63.0,20.0,0.0,84.0
CA0440000,241.0,315.0,39.0,9.0,0.0,0.0,6.0,348.0,46.0,1172.0,29.0,1566.0
CA0440100,13.0,22.0,4.0,1.0,0.0,0.0,0.0,40.0,29.0,318.0,5.0,387.0
CA0440200,198.0,309.0,76.0,45.0,0.0,0.0,2.0,267.0,236.0,1734.0,33.0,2237.0
CA0440300,224.0,299.0,44.0,14.0,0.0,0.0,4.0,167.0,310.0,655.0,27.0,1132.0
CA0440400,2.0,16.0,7.0,1.0,0.0,0.0,0.0,60.0,21.0,104.0,7.0,185.0
CA044060X,0.0,0.0,0.0,0.0,0.0,0.0,0.0,0.0,0.0,0.0,0.0,0.0
CA0440800,0.0,1.0,1.0,1.0,0.0,0.0,0.0,0.0,0.0,74.0,0.0,74.0
CA0449700,4.0,8.0,1.0,4.0,0.0,0.0,0.0,23.0,5.0,76.0,3.0,104.0
CA0449900,0.0,0.0,0.0,0.0,0.0,0.0,0.0,0.0,351.0,119.0,0.0,470.0
CA0450000,341.0,393.0,23.0,5.0,0.0,0.0,7.0,303.0,44.0,319.0,22.0,666.0
CA0450100,51.0,70.0,9.0,0.0,0.0,0.0,0.0,34.0,59.0,104.0,10.0,197.0
CA0450200,347.0,513.0,94.0,9.0,0.0,0.0,5.0,596.0,198.0,1529.0,67.0,2323.0
CA045030X,0.0,0.0,0.0,0.0,0.0,0.0,0.0,3.0,0.0,4.0,0.0,7.0
CA0459100,0.0,0.0,0.0,0.0,0.0,0.0,0.0,0.0,0.0,0.0,0.0,0.0
CA0459900,1.0,1.0,0.0,0.0,0.0,0.0,0.0,0.0,165.0,72.0,0.0,237.0
CA0460000,4.0,4.0,0.0,0.0,0.0,0.0,0.0,7.0,0.0,10.0,0.0,17.0
CA046020X,0.0,0.0,0.0,0.0,0.0,0.0,0.0,0.0,0.0,0.0,0.0,0.0
CA0469900,0.0,0.0,0.0,0.0,0.0,0.0,0.0,0.0,0.0,0.0,0.0,0.0
CA0470000,79.0,98.0,4.0,2.0,0.0,0.0,2.0,69.0,8.0,77.0,13.0,154.0
CA0470100,4.0,5.0,0.0,0.0,0.0,0.0,0.0,10.0,2.0,7.0,1.0,19.0
CA0470200,18.0,18.0,0.0,0.0,0.0,0.0,0.0,9.0,10.0,19.0,0.0,38.0
CA0470300,3.0,3.0,0.0,0.0,0.0,0.0,0.0,5.0,0.0,5.0,0.0,10.0
CA0470400,8.0,8.0,0.0,0.0,0.0,0.0,0.0,9.0,0.0,10.0,0.0,19.0
CA0470500,20.0,22.0,1.0,1.0,0.0,0.0,0.0,10.0,9.0,20.0,1.0,39.0
CA0470600,13.0,15.0,0.0,2.0,0.0,0.0,0.0,4.0,3.0,25.0,2.0,32.0
CA0470700,0.0,1.0,0.0,0.0,0.0,0.0,0.0,3.0,0.0,7.0,1.0,10.0
CA0470800,9.0,9.0,0.0,0.0,0.0,0.0,0.0,11.0,10.0,34.0,0.0,55.0
CA0470900,40.0,40.0,0.0,0.0,0.0,0.0,0.0,26.0,54.0,142.0,0.0,222.0
CA0471000,5.0,5.0,0.0,0.0,0.0,0.0,0.0,1.0,0.0,9.0,0.0,10.0
CA0471600,0.0,0.0,0.0,0.0,0.0,0.0,0.0,8.0,0.0,4.0,0.0,12.0
CA0479900,1.0,1.0,0.0,0.0,0.0,0.0,0.0,2.0,19.0,22.0,0.0,43.0
CA0480000,84.0,115.0,12.0,14.0,0.0,0.0,4.0,126.0,89.0,204.0,15.0,419.0
CA0480100,13.0,25.0,6.0,20.0,0.0,0.0,0.0,63.0,48.0,289.0,6.0,400.0
CA0480200,36.0,51.0,9.0,1.0,0.0,0.0,0.0,40.0,48.0,182.0,6.0,270.0
CA0480300,308.0,542.0,169.0,34.0,0.0,0.0,6.0,435.0,635.0,1920.0,59.0,2990.0
CA0480400,19.0,24.0,1.0,0.0,0.0,0.0,0.0,30.0,21.0,71.0,4.0,122.0
CA0480500,91.0,134.0,27.0,20.0,0.0,0.0,1.0,87.0,89.0,409.0,15.0,585.0
CA0480600,159.0,247.0,50.0,8.0,0.0,0.0,2.0,159.0,182.0,1419.0,36.0,1760.0
CA0480700,736.0,1212.0,315.0,80.0,0.0,0.0,27.0,1811.0,1067.0,1200.0,134.0,4078.0
CA048080X,0.0,0.0,0.0,0.0,0.0,0.0,0.0,0.0,0.0,1.0,0.0,1.0
CA0489900,0.0,0.0,0.0,0.0,0.0,0.0,0.0,0.0,64.0,0.0,0.0,64.0
CA0490000,490.0,586.0,39.0,26.0,0.0,0.0,1.0,357.0,8.0,621.0,56.0,986.0
CA0490100,17.0,20.0,1.0,1.0,0.0,0.0,0.0,15.0,6.0,70.0,2.0,91.0
CA0490200,37.0,45.0,3.0,0.0,0.0,0.0,1.0,31.0,17.0,83.0,4.0,131.0
CA0490300,21.0,25.0,4.0,0.0,0.0,0.0,0.0,26.0,18.0,128.0,0.0,172.0
CA0490400,213.0,280.0,33.0,7.0,0.0,0.0,1.0,91.0,103.0,515.0,33.0,709.0
CA0490500,664.0,913.0,135.0,25.0,0.0,0.0,4.0,542.0,421.0,1875.0,110.0,2838.0
CA0490600,7.0,16.0,7.0,3.0,0.0,0.0,1.0,56.0,9.0,114.0,1.0,179.0
CA0490700,17.0,22.0,1.0,3.0,0.0,0.0,0.0,25.0,8.0,67.0,4.0,100.0
CA0490800,195.0,255.0,33.0,8.0,0.0,0.0,2.0,90.0,69.0,597.0,25.0,756.0
CA0490900,3.0,4.0,0.0,0.0,0.0,0.0,0.0,6.0,0.0,21.0,1.0,27.0
CA049100X,0.0,0.0,0.0,0.0,0.0,0.0,0.0,0.0,0.0,0.0,0.0,0.0
CA0491100,0.0,0.0,0.0,0.0,0.0,0.0,0.0,3.0,0.0,3.0,0.0,6.0
CA0491200,1.0,1.0,0.0,0.0,0.0,0.0,0.0,3.0,0.0,14.0,0.0,17.0
CA0491400,0.0,0.0,0.0,0.0,0.0,0.0,0.0,7.0,0.0,17.0,0.0,24.0
CA049150X,25.0,38.0,10.0,1.0,0.0,0.0,0.0,20.0,22.0,192.0,3.0,234.0
CA0499900,7.0,7.0,0.0,0.0,0.0,0.0,0.0,0.0,51.0,91.0,0.0,142.0
CA0500000,292.0,436.0,117.0,8.0,0.0,0.0,7.0,365.0,42.0,764.0,20.0,1171.0
CA0500100,116.0,190.0,54.0,6.0,0.0,0.0,3.0,185.0,214.0,499.0,17.0,898.0
CA0500200,1200.0,1603.0,281.0,141.0,0.0,0.0,16.0,706.0,1101.0,3533.0,106.0,5340.0
CA0500300,12.0,16.0,2.0,2.0,0.0,0.0,1.0,32.0,31.0,61.0,1.0,124.0
CA0500400,34.0,60.0,15.0,9.0,0.0,0.0,1.0,57.0,60.0,193.0,10.0,310.0
CA0500500,31.0,49.0,15.0,0.0,0.0,0.0,0.0,46.0,68.0,162.0,3.0,276.0
CA0500600,22.0,28.0,5.0,1.0,0.0,0.0,0.0,41.0,34.0,224.0,1.0,299.0
CA0500700,288.0,408.0,90.0,35.0,0.0,0.0,5.0,377.0,377.0,1308.0,25.0,2062.0
CA0500800,19.0,24.0,5.0,0.0,0.0,0.0,0.0,8.0,25.0,45.0,0.0,78.0
CA0500900,3.0,6.0,3.0,0.0,0.0,0.0,0.0,3.0,8.0,21.0,0.0,32.0
CA0501000,1.0,3.0,0.0,2.0,0.0,0.0,0.0,3.0,0.0,18.0,2.0,21.0
CA050120X,0.0,0.0,0.0,0.0,0.0,0.0,0.0,1.0,0.0,5.0,0.0,6.0
CA0509900,0.0,0.0,0.0,0.0,0.0,0.0,0.0,1.0,131.0,94.0,0.0,226.0
CA0510000,52.0,69.0,12.0,2.0,0.0,0.0,1.0,145.0,67.0,318.0,4.0,530.0
CA0510200,139.0,242.0,70.0,12.0,0.0,0.0,4.0,264.0,311.0,1275.0,29.0,1850.0
CA051040X,0.0,0.0,0.0,0.0,0.0,0.0,0.0,0.0,0.0,0.0,0.0,0.0
CA0519900,0.0,0.0,0.0,0.0,0.0,0.0,0.0,0.0,38.0,7.0,0.0,45.0
CA0520000,130.0,161.0,12.0,1.0,0.0,0.0,5.0,131.0,15.0,238.0,14.0,384.0
CA0520100,35.0,42.0,4.0,4.0,0.0,0.0,1.0,46.0,28.0,83.0,2.0,157.0
CA0520200,84.0,144.0,26.0,30.0,0.0,0.0,1.0,113.0,80.0,444.0,33.0,637.0
CA052040X,0.0,0.0,0.0,0.0,0.0,0.0,0.0,0.0,0.0,1.0,0.0,1.0
CA0529900,0.0,0.0,0.0,0.0,0.0,0.0,0.0,0.0,87.0,28.0,0.0,115.0
CA0530000,70.0,82.0,7.0,4.0,0.0,0.0,2.0,56.0,5.0,86.0,3.0,147.0
CA053010X,0.0,0.0,0.0,0.0,0.0,0.0,0.0,0.0,0.0,0.0,0.0,0.0
CA0539900,0.0,0.0,0.0,0.0,0.0,0.0,0.0,0.0,27.0,24.0,0.0,51.0
CA0540000,241.0,344.0,65.0,0.0,0.0,0.0,9.0,603.0,21.0,1260.0,29.0,1884.0
CA0540100,120.0,145.0,18.0,13.0,0.0,0.0,0.0,63.0,72.0,304.0,7.0,439.0
CA0540200,23.0,32.0,4.0,1.0,0.0,0.0,1.0,35.0,35.0,175.0,4.0,245.0
CA0540300,29.0,36.0,3.0,1.0,0.0,0.0,2.0,25.0,36.0,77.0,2.0,138.0
CA0540400,27.0,39.0,8.0,3.0,0.0,0.0,1.0,31.0,71.0,122.0,3.0,224.0
CA0540500,166.0,236.0,42.0,8.0,0.0,0.0,3.0,223.0,173.0,620.0,25.0,1016.0
CA0540600,195.0,300.0,71.0,17.0,0.0,0.0,5.0,229.0,341.0,916.0,29.0,1486.0
CA0540700,299.0,555.0,142.0,27.0,0.0,0.0,8.0,610.0,418.0,2049.0,106.0,3077.0
CA0540800,8.0,12.0,3.0,4.0,0.0,0.0,0.0,7.0,11.0,54.0,1.0,72.0
CA054100X,0.0,0.0,0.0,0.0,0.0,0.0,0.0,0.0,0.0,4.0,0.0,4.0
CA0541100,0.0,0.0,0.0,0.0,0.0,0.0,0.0,2.0,0.0,10.0,0.0,12.0
CA0549900,0.0,0.0,0.0,30.0,0.0,0.0,0.0,0.0,624.0,179.0,0.0,803.0
CA0550000,118.0,205.0,12.0,11.0,0.0,0.0,0.0,268.0,7.0,328.0,75.0,603.0
CA0550100,21.0,39.0,12.0,7.0,0.0,0.0,1.0,55.0,19.0,179.0,5.0,253.0
CA0559900,0.0,0.0,0.0,0.0,0.0,0.0,0.0,1.0,59.0,51.0,0.0,111.0
CA0560000,64.0,98.0,13.0,13.0,0.0,0.0,1.0,129.0,84.0,517.0,20.0,730.0
CA0560100,20.0,53.0,17.0,5.0,0.0,0.0,0.0,100.0,56.0,661.0,16.0,817.0
CA0560200,19.0,31.0,7.0,6.0,0.0,0.0,0.0,13.0,17.0,118.0,5.0,148.0
CA0560300,1.0,3.0,1.0,0.0,0.0,0.0,0.0,19.0,6.0,81.0,1.0,106.0
CA0560400,380.0,743.0,274.0,42.0,0.0,0.0,8.0,638.0,778.0,2907.0,81.0,4323.0
CA0560500,39.0,58.0,12.0,6.0,0.0,0.0,0.0,43.0,48.0,305.0,7.0,396.0
CA0560600,69.0,102.0,23.0,3.0,0.0,0.0,2.0,99.0,49.0,289.0,8.0,437.0
CA0560700,31.0,76.0,23.0,3.0,0.0,0.0,1.0,189.0,99.0,1027.0,21.0,1315.0
CA0560800,201.0,328.0,94.0,31.0,0.0,0.0,2.0,460.0,272.0,2354.0,31.0,3086.0
CA0560900,108.0,167.0,27.0,3.0,0.0,0.0,3.0,170.0,115.0,1033.0,29.0,1318.0
CA0561300,0.0,0.0,0.0,0.0,0.0,0.0,0.0,4.0,1.0,24.0,0.0,29.0
CA056140X,11.0,17.0,1.0,2.0,0.0,0.0,2.0,27.0,12.0,186.0,3.0,225.0
CA0561500,2.0,5.0,1.0,0.0,0.0,0.0,1.0,2.0,0.0,65.0,1.0,67.0
CA0561700,0.0,0.0,0.0,0.0,0.0,0.0,0.0,0.0,0.0,0.0,0.0,0.0
CA0562100,0.0,0.0,0.0,0.0,0.0,0.0,0.0,0.0,0.0,1.0,0.0,1.0
CA0562200,1.0,2.0,0.0,0.0,0.0,0.0,0.0,1.0,0.0,27.0,1.0,28.0
CA056800X,2.0,3.0,1.0,1.0,0.0,0.0,0.0,15.0,1.0,15.0,0.0,31.0
CA0569900,0.0,0.0,0.0,0.0,0.0,0.0,0.0,0.0,20.0,6.0,0.0,26.0
CA0570000,53.0,64.0,4.0,2.0,0.0,0.0,2.0,87.0,22.0,157.0,5.0,266.0
CA0570100,50.0,98.0,30.0,14.0,0.0,0.0,0.0,386.0,148.0,1918.0,18.0,2452.0
CA0570200,14.0,16.0,2.0,0.0,0.0,0.0,0.0,9.0,11.0,64.0,0.0,84.0
CA0570300,167.0,227.0,44.0,32.0,0.0,0.0,1.0,218.0,186.0,972.0,15.0,1376.0
CA0570400,104.0,211.0,82.0,27.0,0.0,0.0,3.0,209.0,213.0,1083.0,22.0,1505.0
CA057050X,0.0,0.0,0.0,0.0,0.0,0.0,0.0,2.0,0.0,0.0,0.0,2.0
CA0579700,2.0,5.0,0.0,2.0,0.0,0.0,0.0,100.0,21.0,565.0,3.0,686.0
CA0579900,0.0,0.0,0.0,0.0,0.0,0.0,0.0,0.0,44.0,11.0,0.0,55.0
CA0580000,197.0,256.0,40.0,24.0,0.0,0.0,2.0,247.0,25.0,608.0,17.0,880.0
CA0580100,107.0,141.0,15.0,17.0,0.0,0.0,0.0,63.0,195.0,205.0,19.0,463.0
CA0580200,4.0,7.0,2.0,0.0,0.0,0.0,0.0,8.0,7.0,39.0,1.0,54.0
CA058030X,0.0,0.0,0.0,0.0,0.0,0.0,0.0,0.0,0.0,3.0,0.0,3.0
CA0589900,0.0,0.0,0.0,0.0,0.0,0.0,0.0,0.0,396.0,45.0,0.0,441.0
CADI03900,,,,,,,,,,,,
CADI0990X,,,,,,,,,,,,
CADIT0000,,,,,,,,,,,,
CADIT0200,13.0,15.0,2.0,2.0,0.0,0.0,0.0,10.0,4.0,14.0,0.0,28.0
CADIT0400,11.0,17.0,4.0,0.0,0.0,0.0,0.0,21.0,20.0,38.0,2.0,79.0
CADIT0500,,,,,,,,,,,,
CADIT0800,4.0,4.0,0.0,0.0,0.0,0.0,0.0,2.0,0.0,3.0,0.0,5.0
CADIT0900,,,,,,,,,,,,
CADIT1100,5.0,8.0,3.0,0.0,0.0,0.0,0.0,8.0,16.0,93.0,0.0,117.0
CADIT1400,,,,,,,,,,,,
CADIT1600,,,,,,,,,,,,
