Name,Index,Latest Price,Previous Close,Low,High,Change,% Change,Datetime,3 Mo. Change,3 Mo. % Change,6 Mo. Change,6 Mo. % Change,1 Year Change,1 Year % Change
3M,Dow Jones,106.06,105.76,105.95,107.1,0.3,0.28%,01:10 PM04/17/2023 01:10:32 PM UTC-0400,-25.15,-19.42%,-9.86,-8.63%,-44.29,-29.79%
American Express,Dow Jones,162.15,163.24,160.89,162.89,-1.09,-0.67%,01:10 PM04/17/2023 01:10:41 PM UTC-0400,3.56,2.29%,17.73,12.52%,-20.39,-11.35%
Amgen,Dow Jones,248.14,250,248.06,251.5,-1.87,-0.75%,01:09 PM04/17/2023 01:09:54 PM UTC-0400,-22.23,-8.18%,-2.16,-0.86%,-4.01,-1.58%
Apple,Dow Jones,164.45,165.21,164.03,165.39,-0.76,-0.46%,01:10 PM04/17/2023 01:10:40 PM UTC-0400,25.34,18.80%,17.11,11.97%,-10.3,-6.04%
Boeing,Dow Jones,203.76,201.66,200.84,206.1,2.1,1.04%,01:10 PM04/17/2023 01:10:40 PM UTC-0400,-1.84,-0.86%,79.88,60.33%,29.32,16.03%
Caterpillar,Dow Jones,225.08,223.66,224.61,226.92,1.42,0.63%,01:10 PM04/17/2023 01:10:20 PM UTC-0400,-38.03,-14.71%,37.37,20.41%,2.21,1.01%
Chevron,Dow Jones,170.57,172.38,170.22,172.48,-1.81,-1.05%,01:10 PM04/17/2023 01:10:25 PM UTC-0400,-7.84,-4.41%,4.54,2.75%,-1.89,-1.10%
Cisco,Dow Jones,50.35,50.54,50.34,50.68,-0.19,-0.38%,01:10 PM04/17/2023 01:10:37 PM UTC-0400,1.23,2.52%,9.5,23.39%,-2.04,-3.91%
Coca-Cola,Dow Jones,63.29,63.05,63.18,63.53,0.24,0.37%,01:10 PM04/17/2023 01:10:33 PM UTC-0400,1.27,2.07%,6.82,12.20%,-2.04,-3.15%
Dow,Dow Jones,56.61,56.5,56.47,56.95,0.11,0.19%,01:10 PM04/17/2023 01:10:39 PM UTC-0400,-1.79,-3.05%,10.98,23.90%,-7.3,-11.37%
Goldman Sachs,Dow Jones,339.26,336.91,333.68,340.19,2.35,0.70%,01:10 PM04/17/2023 01:10:35 PM UTC-0400,-43,-11.52%,22.93,7.46%,7.96,2.47%
Home Depot,Dow Jones,293.29,292.19,291.55,294.24,1.1,0.37%,01:10 PM04/17/2023 01:10:31 PM UTC-0400,-40.76,-12.31%,7.65,2.71%,-20.02,-6.45%
Honeywell,Dow Jones,197.01,196.55,196.74,197.89,0.46,0.23%,01:10 PM04/17/2023 01:10:12 PM UTC-0400,-23.38,-10.79%,15.68,8.83%,-1.62,-0.83%
IBM,Dow Jones,127.08,128.13,127.07,128.72,-1.05,-0.82%,01:10 PM04/17/2023 01:10:35 PM UTC-0400,-17.28,-11.85%,6.78,5.57%,2.42,1.92%
Intel,Dow Jones,31.84,31.89,31.81,32.64,-0.05,-0.16%,01:10 PM04/17/2023 01:10:35 PM UTC-0400,1.91,6.34%,5.6,21.20%,-14.99,-31.89%
Johnson & Johnson,Dow Jones,165.12,165.83,165,166.24,-0.71,-0.43%,01:10 PM04/17/2023 01:10:39 PM UTC-0400,-9.5,-5.48%,-1.28,-0.77%,-16.81,-9.30%
JPMorgan Chase,Dow Jones,139.04,138.69,137.66,140.06,0.35,0.25%,01:10 PM04/17/2023 01:10:37 PM UTC-0400,-14.42,-10.09%,19.22,17.58%,1.24,0.97%
McDonald's,Dow Jones,288.47,288.95,288.2,290.51,-0.48,-0.17%,01:10 PM04/17/2023 01:10:41 PM UTC-0400,16.45,6.12%,38.65,15.67%,33.87,13.47%
Merck,Dow Jones,114.83,115.34,114.2,116.45,-0.51,-0.44%,01:10 PM04/17/2023 01:10:22 PM UTC-0400,1.54,1.37%,21.29,23.02%,27.65,32.10%
Microsoft,Dow Jones,286.97,286.14,286.2,291.58,0.83,0.29%,01:10 PM04/17/2023 01:10:34 PM UTC-0400,44.26,18.50%,49.25,21.03%,-4.13,-1.44%
Nike,Dow Jones,125.53,125.91,125.13,126.48,-0.38,-0.30%,01:10 PM04/17/2023 01:10:06 PM UTC-0400,-5.17,-4.01%,34.12,38.09%,-3.79,-2.97%
Procter & Gamble,Dow Jones,150.65,151,150.65,151.46,-0.35,-0.23%,01:10 PM04/17/2023 01:10:34 PM UTC-0400,0.2,0.13%,24.81,19.65%,-8.35,-5.24%
Salesforce,Dow Jones,196.74,194.66,195.03,197.52,2.09,1.07%,01:10 PM04/17/2023 01:10:38 PM UTC-0400,40.89,27.35%,44.94,30.90%,-5.46,-2.79%
Travelers,Dow Jones,169.31,168.38,167.64,170.31,0.93,0.55%,01:10 PM04/17/2023 01:10:14 PM UTC-0400,-19.96,-10.30%,8.34,5.04%,-9.9,-5.39%
UnitedHealth,Dow Jones,503.02,511.22,503.02,509.34,-8.2,-1.60%,01:10 PM04/17/2023 01:10:28 PM UTC-0400,31.82,6.50%,10.48,2.05%,-16.64,-3.09%
Verizon,Dow Jones,39.3,39.21,39.14,39.46,0.09,0.22%,01:10 PM04/17/2023 01:10:34 PM UTC-0400,-2.64,-6.30%,2.81,7.72%,-14.94,-27.59%
Visa,Dow Jones,231.37,233.97,230.94,234.02,-2.6,-1.11%,01:10 PM04/17/2023 01:10:34 PM UTC-0400,4.81,2.16%,43.23,23.42%,14.53,6.81%
Walgreens Boots Alliance,Dow Jones,35.57,35.32,35.35,35.74,0.25,0.69%,01:09 PM04/17/2023 01:09:39 PM UTC-0400,-1.09,-2.96%,2.04,6.06%,-8.91,-19.98%
Walmart,Dow Jones,148.94,148.46,148.5,149.67,0.48,0.32%,01:10 PM04/17/2023 01:10:20 PM UTC-0400,4.1,2.82%,17.1,12.93%,-7.94,-5.05%
Walt Disney,Dow Jones,99.66,99.89,99.17,100.57,-0.24,-0.24%,01:10 PM04/17/2023 01:10:38 PM UTC-0400,-1.45,-1.45%,1.33,1.38%,-34.41,-25.99%
3M,S&P 500,106.49,105.76,105.95,107.1,0.73,0.69%,01:33 PM04/17/2023 01:33:32 PM UTC-0400,-25.15,-19.42%,-9.86,-8.63%,-44.29,-29.79%
A.O. Smith,S&P 500,67.2,67.1,66.86,67.68,0.1,0.15%,01:33 PM04/17/2023 01:33:10 PM UTC-0400,3.89,6.26%,17.17,35.14%,1.3,2.01%
Abbott Laboratories,S&P 500,104.32,103.97,104.08,104.84,0.35,0.34%,01:33 PM04/17/2023 01:33:35 PM UTC-0400,-10.92,-9.62%,0.14,0.14%,-16.91,-14.15%
AbbVie,S&P 500,160.93,161.57,160.65,162.2,-0.64,-0.40%,01:33 PM04/17/2023 01:33:09 PM UTC-0400,8.76,5.70%,19.44,13.60%,3.5,2.20%
Accenture,S&P 500,280.89,279.16,278.78,281.82,1.73,0.62%,01:33 PM04/17/2023 01:33:32 PM UTC-0400,1.67,0.59%,26.59,10.34%,-41.69,-12.81%
Activision Blizzard,S&P 500,85.41,85.27,84.62,85.43,0.14,0.16%,01:32 PM04/17/2023 01:32:38 PM UTC-0400,8.29,10.81%,11.83,16.18%,5.85,7.40%
Adobe,S&P 500,375.49,379.38,374.75,380.76,-3.9,-1.03%,01:33 PM04/17/2023 01:33:22 PM UTC-0400,25.51,7.41%,75.15,25.50%,-61.78,-14.31%
Advance Auto Parts,S&P 500,126.61,123.62,123.81,126.99,2.99,2.41%,01:33 PM04/17/2023 01:33:12 PM UTC-0400,-29.61,-19.61%,-50.14,-29.23%,-99.02,-44.93%
AES,S&P 500,24.16,24.86,23.92,24.59,-0.7,-2.80%,01:33 PM04/17/2023 01:33:42 PM UTC-0400,-2.54,-9.10%,0.92,3.77%,0.85,3.47%
Aflac,S&P 500,66.07,66.2,65.31,66.21,-0.13,-0.20%,01:33 PM04/17/2023 01:33:20 PM UTC-0400,-6.87,-9.43%,6.3,10.55%,1,1.54%
Agilent Technologies,S&P 500,139.36,139.19,138.94,140.21,0.17,0.12%,01:33 PM04/17/2023 01:33:27 PM UTC-0400,-18.51,-11.80%,10.55,8.25%,10.1,7.87%
Air Products and Chemicals,S&P 500,284.68,286.19,284.44,287.9,-1.52,-0.53%,01:31 PM04/17/2023 01:31:46 PM UTC-0400,-24.21,-7.77%,49.37,20.75%,37.39,14.96%
Akamai,S&P 500,83.02,82.55,82.48,83.14,0.47,0.56%,01:33 PM04/17/2023 01:33:46 PM UTC-0400,-7.52,-8.48%,0.72,0.89%,-38.01,-31.89%
Alaska Air Group,S&P 500,42.53,41.91,41.95,42.56,0.62,1.48%,01:31 PM04/17/2023 01:31:52 PM UTC-0400,-8.31,-16.52%,0.08,0.19%,-14.26,-25.36%
Albemarle,S&P 500,205.63,203.97,204.84,208.37,1.66,0.81%,01:32 PM04/17/2023 01:32:28 PM UTC-0400,-40.47,-16.70%,-54.19,-21.17%,-10.82,-5.09%
Alexandria Real Estate Equities,S&P 500,121.36,118.47,118.68,122.33,2.89,2.44%,01:33 PM04/17/2023 01:33:25 PM UTC-0400,-34.01,-21.86%,-13.1,-9.73%,-76.68,-38.68%
Align Technology,S&P 500,345.63,342.27,341.71,345.91,3.36,0.98%,01:33 PM04/17/2023 01:33:09 PM UTC-0400,92.49,38.58%,119.94,56.49%,-84.66,-20.31%
Allegion,S&P 500,103.88,102.75,102.87,104.04,1.13,1.10%,01:33 PM04/17/2023 01:33:46 PM UTC-0400,-12.26,-10.78%,9.31,10.10%,-6.7,-6.19%
Alliant Energy,S&P 500,54.54,54.36,54.5,54.99,0.18,0.33%,01:31 PM04/17/2023 01:31:53 PM UTC-0400,-0.77,-1.39%,5.25,10.61%,-8.85,-13.92%
Allstate,S&P 500,113.46,112.19,111.44,114.17,1.27,1.13%,01:33 PM04/17/2023 01:33:45 PM UTC-0400,-22.93,-16.50%,-18.9,-14.00%,-25.8,-18.18%
Alphabet A,S&P 500,105.68,108.87,104.52,106,-3.19,-2.93%,01:33 PM04/17/2023 01:33:43 PM UTC-0400,12.52,13.59%,5.58,5.63%,-25.25,-19.44%
Alphabet C,S&P 500,106.27,109.46,105.33,106.71,-3.2,-2.92%,01:33 PM04/17/2023 01:33:46 PM UTC-0400,12.42,13.38%,5.51,5.53%,-25.07,-19.24%
Altria,S&P 500,45.33,45.03,45.12,45.46,0.3,0.66%,01:33 PM04/17/2023 01:33:43 PM UTC-0400,-0.77,-1.69%,-1.09,-2.37%,-9.96,-18.18%
Amazon,S&P 500,102.35,102.51,101.59,103.73,-0.16,-0.15%,01:33 PM04/17/2023 01:33:43 PM UTC-0400,-0.29,-0.30%,-14.7,-13.06%,-57.71,-37.10%
Amcor,S&P 500,11.05,11.1,11.03,11.16,-0.05,-0.45%,01:33 PM04/17/2023 01:33:40 PM UTC-0400,-1.1,-9.03%,-0.03,-0.23%,-0.66,-5.65%
AMD,S&P 500,89.1,91.75,88.3,90.69,-2.66,-2.89%,01:33 PM04/17/2023 01:33:46 PM UTC-0400,21.33,30.04%,33.39,56.65%,-5.41,-5.54%
Ameren,S&P 500,89.51,89.43,89.45,90.39,0.08,0.09%,01:33 PM04/17/2023 01:33:40 PM UTC-0400,-0.18,-0.20%,12.8,16.58%,-6.29,-6.53%
American Airlines,S&P 500,13.09,12.79,12.81,13.14,0.3,2.31%,01:33 PM04/17/2023 01:33:46 PM UTC-0400,-4.02,-23.62%,-0.05,-0.38%,-5.95,-31.40%
American Electric Power,S&P 500,93.01,92.5,92.9,93.6,0.51,0.55%,01:33 PM04/17/2023 01:33:44 PM UTC-0400,-0.58,-0.61%,9.48,11.18%,-7.99,-7.81%
American Express,S&P 500,162.43,163.24,160.89,162.89,-0.81,-0.50%,01:33 PM04/17/2023 01:33:45 PM UTC-0400,3.56,2.29%,17.73,12.52%,-20.39,-11.35%
American International Group,S&P 500,51.47,51.44,50.69,51.74,0.03,0.05%,01:33 PM04/17/2023 01:33:32 PM UTC-0400,-13.1,-20.33%,0.32,0.63%,-11.69,-18.56%
American Tower,S&P 500,208.47,206.89,207.08,211.93,1.58,0.76%,01:33 PM04/17/2023 01:33:23 PM UTC-0400,-21.46,-9.22%,21.42,11.28%,-45.83,-17.82%
American Water Works,S&P 500,149.96,149.75,149.62,150.87,0.21,0.14%,01:33 PM04/17/2023 01:33:03 PM UTC-0400,-8.06,-5.07%,21.87,16.96%,-16.38,-9.80%
Ameriprise Financial,S&P 500,308.75,309.38,304.49,309.94,-0.63,-0.20%,01:33 PM04/17/2023 01:33:11 PM UTC-0400,-27.98,-8.40%,30.58,11.13%,12.23,4.17%
AmerisourceBergen,S&P 500,166.51,167.12,166.01,167.39,-0.61,-0.36%,01:33 PM04/17/2023 01:33:14 PM UTC-0400,1.09,0.66%,23.31,16.41%,2.37,1.45%
Ametek,S&P 500,138.25,138.35,137.79,139.5,-0.1,-0.07%,01:33 PM04/17/2023 01:33:24 PM UTC-0400,-7.61,-5.21%,22.77,19.67%,8.99,6.94%
Amgen,S&P 500,248.59,250,248.06,251.5,-1.42,-0.57%,01:32 PM04/17/2023 01:32:46 PM UTC-0400,-22.23,-8.18%,-2.16,-0.86%,-4.01,-1.58%
Amphenol,S&P 500,78.05,78.14,77.9,78.28,-0.09,-0.12%,01:33 PM04/17/2023 01:33:24 PM UTC-0400,-2.22,-2.77%,8.87,12.80%,6.23,8.66%
Analog Devices,S&P 500,188.12,188.51,187.41,189.7,-0.39,-0.21%,01:33 PM04/17/2023 01:33:45 PM UTC-0400,18.31,10.84%,44.54,31.20%,29.17,18.45%
ANSYS,S&P 500,318.78,317.47,316.89,319.73,1.31,0.41%,01:32 PM04/17/2023 01:32:19 PM UTC-0400,62.39,24.55%,110.82,53.88%,20.69,6.99%
Aon,S&P 500,327.24,324.62,325.22,328.82,2.62,0.81%,01:31 PM04/17/2023 01:31:44 PM UTC-0400,4.39,1.38%,40.18,14.28%,-8.48,-2.57%
APA Corporation Registered Shs,S&P 500,39.93,40.78,39.85,41.11,-0.85,-2.08%,01:33 PM04/17/2023 01:33:39 PM UTC-0400,-5.7,-12.57%,-2.22,-5.30%,-3.97,-9.10%
Apple,S&P 500,164.69,165.21,164.03,165.39,-0.52,-0.31%,01:33 PM04/17/2023 01:33:46 PM UTC-0400,25.34,18.80%,17.11,11.97%,-10.3,-6.04%
Applied Materials,S&P 500,110.28,112.9,109.08,111.14,-2.62,-2.32%,01:33 PM04/17/2023 01:33:45 PM UTC-0400,3.19,2.90%,33.74,42.48%,-3.7,-3.17%
Aptiv,S&P 500,107.26,107.07,106.28,108.55,0.19,0.18%,01:33 PM04/17/2023 01:33:33 PM UTC-0400,2.65,2.61%,20.77,24.90%,-4.73,-4.34%
Archer Daniels Midland,S&P 500,82.03,81.79,81.63,82.25,0.24,0.29%,01:33 PM04/17/2023 01:33:07 PM UTC-0400,-7.32,-8.28%,-7.74,-8.71%,-14.45,-15.12%
Arista Networks,S&P 500,163.07,163.57,162.29,164.62,-0.5,-0.31%,01:33 PM04/17/2023 01:33:32 PM UTC-0400,46.46,40.41%,57.51,55.34%,30.03,22.85%
Arthur J. Gallagher,S&P 500,201.03,200.48,199.93,202.43,0.55,0.27%,01:33 PM04/17/2023 01:33:08 PM UTC-0400,1.69,0.86%,19.6,10.97%,17.24,9.52%
Elevance Health,S&P 500,481.3,484.31,479.3,483.59,-3.01,-0.62%,01:33 PM04/17/2023 01:33:09 PM UTC-0400,9.79,2.03%,18.95,4.00%,-19.75,-3.85%
Assurant,S&P 500,116.93,116.07,115.5,117.42,0.86,0.74%,01:17 PM04/17/2023 01:17:25 PM UTC-0400,-11.61,-9.01%,-34.63,-22.81%,-70.57,-37.59%
AT&T,S&P 500,19.71,19.93,19.68,19.93,-0.22,-1.08%,01:19 PM04/17/2023 01:19:07 PM UTC-0400,0.24,1.23%,4.68,30.97%,0.38,1.93%
Atmos Energy,S&P 500,113.65,113.08,113.28,114.13,0.57,0.50%,01:17 PM04/17/2023 01:17:13 PM UTC-0400,1.17,1.02%,14.46,14.26%,-3.98,-3.32%
Autodesk,S&P 500,197.38,194.66,195.35,200.01,2.72,1.40%,01:18 PM04/17/2023 01:18:33 PM UTC-0400,-7.43,-3.70%,-0.69,-0.36%,-8.58,-4.25%
Automatic Data Processing,S&P 500,216.12,215.7,215.83,217.08,0.42,0.19%,01:18 PM04/17/2023 01:18:50 PM UTC-0400,-29.75,-12.13%,-14.29,-6.22%,-18.13,-7.76%
AutoZone,S&P 500,"2,663.05","2,635.11","2,642.52","2,666.58",27.94,1.06%,01:08 PM04/17/2023 01:08:06 PM UTC-0400,229.49,9.68%,315.56,13.82%,426.36,19.62%
AvalonBay Communities,S&P 500,171.11,169.9,169.85,171.99,1.21,0.71%,01:17 PM04/17/2023 01:17:31 PM UTC-0400,2.25,1.34%,-5.83,-3.31%,-77.53,-31.31%
Avery Dennison,S&P 500,177.77,177.95,176.69,178.38,-0.18,-0.10%,01:17 PM04/17/2023 01:17:54 PM UTC-0400,-18.24,-9.34%,10.66,6.41%,4.5,2.61%
Baker Hughes,S&P 500,28.97,29.15,28.79,29.3,-0.18,-0.62%,01:18 PM04/17/2023 01:18:54 PM UTC-0400,-2.38,-7.52%,5.37,22.49%,-7.97,-21.41%
Ball,S&P 500,50.51,50.03,49.7,50.7,0.48,0.96%,01:18 PM04/17/2023 01:18:40 PM UTC-0400,-6.39,-11.19%,1.82,3.72%,-37.22,-42.31%
Bank of America,S&P 500,30.18,29.53,29.4,30.2,0.66,2.22%,01:19 PM04/17/2023 01:19:11 PM UTC-0400,-6.72,-19.09%,-3.19,-10.07%,-10.36,-26.67%
Bank of New York Mellon,S&P 500,43.83,46.36,42.44,44.05,-2.54,-5.47%,01:19 PM04/17/2023 01:19:01 PM UTC-0400,-3.22,-6.56%,6.62,16.88%,-2.51,-5.19%
Bath & Body Works,S&P 500,35.59,36.18,35.38,36.55,-0.6,-1.64%,01:19 PM04/17/2023 01:19:09 PM UTC-0400,-10.28,-22.04%,2.07,6.03%,-14.77,-28.88%
Baxter International,S&P 500,43.02,43.05,42.88,43.3,-0.04,-0.08%,01:19 PM04/17/2023 01:19:09 PM UTC-0400,-2.16,-4.82%,-13.38,-23.87%,-35.76,-45.59%
"Becton, Dickinson",S&P 500,255.74,255.55,255.18,256.67,0.19,0.07%,01:18 PM04/17/2023 01:18:57 PM UTC-0400,-1.96,-0.77%,27.26,12.03%,-17.13,-6.32%
Berkshire Hathaway,S&P 500,321.09,319.69,319.07,321.59,1.4,0.44%,01:18 PM04/17/2023 01:18:57 PM UTC-0400,-2.99,-0.94%,38.77,14.06%,-31.57,-9.12%
Best Buy,S&P 500,73.11,73.39,73,73.74,-0.28,-0.38%,01:18 PM04/17/2023 01:18:56 PM UTC-0400,-12.65,-14.75%,8.64,13.40%,-22.14,-23.24%
Biogen,S&P 500,291.57,288.13,290.05,294.17,3.44,1.19%,01:19 PM04/17/2023 01:19:09 PM UTC-0400,-2.25,-0.78%,15.85,5.87%,71.81,33.56%
Bio-Rad Laboratories,S&P 500,481.86,479.23,476.09,483.92,2.63,0.55%,01:18 PM04/17/2023 01:18:48 PM UTC-0400,21.82,4.80%,81.65,20.66%,-88.22,-15.61%
Bio-Techne,S&P 500,84.66,85.24,84.33,85.83,-0.58,-0.68%,01:18 PM04/17/2023 01:18:56 PM UTC-0400,0.37,0.46%,8.98,12.43%,-23.63,-22.54%
BlackRock,S&P 500,698.04,690.59,688.7,698.99,7.45,1.08%,01:18 PM04/17/2023 01:18:14 PM UTC-0400,-88.24,-11.70%,99.72,17.62%,-48.99,-6.85%
Boeing,S&P 500,204.13,201.66,200.84,206.1,2.47,1.22%,01:19 PM04/17/2023 01:19:09 PM UTC-0400,-1.84,-0.86%,79.88,60.33%,29.32,16.03%
Booking Holdings,S&P 500,"2,661.91","2,649.86","2,631.97","2,664.22",12.05,0.45%,01:19 PM04/17/2023 01:19:09 PM UTC-0400,245.91,10.69%,855.12,50.54%,287.14,12.70%
BorgWarner,S&P 500,48.13,48.74,47.77,48.73,-0.62,-1.26%,01:19 PM04/17/2023 01:19:09 PM UTC-0400,3.61,8.11%,14.63,43.69%,11.25,30.53%
Boston Properties,S&P 500,52.28,50.96,50.92,52.7,1.32,2.59%,01:17 PM04/17/2023 01:17:51 PM UTC-0400,-19.6,-27.54%,-21.88,-29.79%,-73.29,-58.70%
Boston Scientific,S&P 500,51.64,51.77,51.55,52.21,-0.14,-0.26%,01:18 PM04/17/2023 01:18:55 PM UTC-0400,4.57,9.81%,10.76,26.67%,6.67,15.01%
Bristol-Myers Squibb,S&P 500,70.53,70.45,70.22,70.77,0.08,0.11%,01:18 PM04/17/2023 01:18:48 PM UTC-0400,-2.3,-3.17%,-0.56,-0.79%,-6.66,-8.66%
Broadcom,S&P 500,624.68,619.54,617.87,625.14,5.14,0.83%,01:18 PM04/17/2023 01:18:46 PM UTC-0400,37.7,6.51%,178.73,40.81%,24.16,4.08%
Broadridge Financial Solutions,S&P 500,145.31,145.24,144.73,146.61,0.08,0.05%,01:18 PM04/17/2023 01:18:42 PM UTC-0400,1.29,0.89%,2.82,1.98%,-10.03,-6.45%
Brown-Forman b,S&P 500,63.25,62.78,62.6,63.29,0.47,0.75%,01:18 PM04/17/2023 01:18:46 PM UTC-0400,-4.52,-6.74%,-2.89,-4.41%,-6.42,-9.31%
Bunge,S&P 500,94.53,94.39,93.72,95.16,0.14,0.15%,01:17 PM04/17/2023 01:17:55 PM UTC-0400,-5.9,-5.87%,4.19,4.64%,-26.43,-21.85%
C.H. Robinson Worldwide,S&P 500,95.27,95.57,94.68,96.14,-0.3,-0.31%,01:18 PM04/17/2023 01:18:52 PM UTC-0400,1.1,1.17%,-0.57,-0.60%,-6.93,-6.82%
Cadence Design Systems,S&P 500,212.51,214.55,211.91,215.48,-2.04,-0.95%,01:16 PM04/17/2023 01:16:07 PM UTC-0400,42.92,25.36%,61.63,40.94%,56.39,36.20%
Caesars Entertainment,S&P 500,44.07,43.53,43.52,44.36,0.54,1.23%,01:19 PM04/17/2023 01:19:08 PM UTC-0400,-4.25,-8.79%,7.77,21.38%,-25.89,-36.98%
Campbell Soup,S&P 500,55.03,54.78,54.84,55.27,0.25,0.45%,01:18 PM04/17/2023 01:18:37 PM UTC-0400,0.42,0.76%,4.76,9.41%,9.57,20.90%
Capital One Financial,S&P 500,97.03,96.55,94,97.54,0.48,0.50%,01:19 PM04/17/2023 01:19:04 PM UTC-0400,-7.17,-6.97%,-2.1,-2.15%,-36.93,-27.85%
Cardinal Health,S&P 500,79.36,80.66,79.17,80.76,-1.3,-1.61%,01:18 PM04/17/2023 01:18:45 PM UTC-0400,2.29,2.98%,10.3,14.96%,16.14,25.61%
CarMax,S&P 500,68.98,69.46,68.48,69.75,-0.48,-0.69%,01:18 PM04/17/2023 01:18:56 PM UTC-0400,3.57,5.48%,6.19,9.92%,-24.46,-26.29%
Carnival,S&P 500,9.73,9.6,9.51,9.75,0.13,1.35%,01:19 PM04/17/2023 01:19:12 PM UTC-0400,-0.89,-8.46%,2.54,35.83%,-9.87,-50.62%
Carrier Global Corporation Registered Shs When Issued,S&P 500,44.54,44.31,44.35,44.77,0.23,0.52%,01:18 PM04/17/2023 01:18:49 PM UTC-0400,-2.01,-4.38%,9.02,25.86%,1.76,4.18%
Catalent,S&P 500,49.25,46.33,45.39,49.84,2.93,6.31%,01:19 PM04/17/2023 01:19:02 PM UTC-0400,15.19,30.96%,-9.86,-13.30%,-36.66,-36.33%
Caterpillar,S&P 500,225.44,223.66,224.61,226.92,1.78,0.80%,01:18 PM04/17/2023 01:18:53 PM UTC-0400,-38.03,-14.71%,37.37,20.41%,2.21,1.01%
CBRE Grou a,S&P 500,71.58,70.81,70.72,71.69,0.77,1.09%,01:18 PM04/17/2023 01:18:19 PM UTC-0400,-16.27,-18.89%,0.48,0.69%,-16.55,-19.15%
CDW,S&P 500,187.67,186.96,186.82,188.39,0.71,0.38%,01:18 PM04/17/2023 01:18:49 PM UTC-0400,-6.76,-3.47%,30.2,19.13%,17.12,10.01%
Celanese,S&P 500,109.07,110.69,108.44,110.98,-1.62,-1.46%,01:18 PM04/17/2023 01:18:55 PM UTC-0400,-11.64,-9.60%,16.35,17.53%,-37.6,-25.54%
Centene,S&P 500,68.1,68.06,67.73,68.51,0.05,0.07%,01:19 PM04/17/2023 01:19:04 PM UTC-0400,-9.88,-12.82%,-8.13,-10.80%,-19.08,-22.12%
CenterPoint Energy,S&P 500,30.45,30.4,30.42,30.67,0.05,0.16%,01:18 PM04/17/2023 01:18:36 PM UTC-0400,-0.65,-2.08%,4.61,17.67%,-1.67,-5.17%
Cabot Oil & Gas,S&P 500,25.68,25.77,25.56,26,-0.09,-0.35%,01:23 PM04/17/2023 01:23:21 PM UTC-0400,0.68,2.69%,-4.7,-15.43%,-3.36,-11.53%
CF Industries Holdings,S&P 500,77.65,77.07,76.99,78.33,0.58,0.75%,01:23 PM04/17/2023 01:23:16 PM UTC-0400,-9.83,-11.31%,-29.95,-27.98%,-31.83,-29.22%
Charles River Laboratories International,S&P 500,206.47,203.65,203.89,207.39,2.82,1.38%,01:22 PM04/17/2023 01:22:25 PM UTC-0400,-31.07,-13.36%,1.76,0.88%,-88.42,-30.50%
Charles Schwab,S&P 500,51.95,50.76,49.18,52.65,1.19,2.34%,01:23 PM04/17/2023 01:23:27 PM UTC-0400,-31.06,-37.43%,-22.11,-29.86%,-31.94,-38.08%
Charte a,S&P 500,341.6,341.5,340.93,345,0.1,0.03%,01:22 PM04/17/2023 01:22:33 PM UTC-0400,-45.19,-11.63%,17.34,5.32%,-219.12,-38.96%
Chevron,S&P 500,170.95,172.38,170.22,172.48,-1.43,-0.83%,01:23 PM04/17/2023 01:23:23 PM UTC-0400,-7.84,-4.41%,4.54,2.75%,-1.89,-1.10%
Chipotle Mexican Grill,S&P 500,"1,746.14","1,738.10","1,738.66","1,754.79",8.04,0.46%,01:21 PM04/17/2023 01:21:36 PM UTC-0400,169.45,11.11%,134.75,8.64%,104.66,6.58%
Chubb,S&P 500,195.91,195.72,194.79,196.88,0.19,0.10%,01:22 PM04/17/2023 01:22:12 PM UTC-0400,-27.93,-12.29%,5.54,2.86%,-13.56,-6.37%
Church & Dwight,S&P 500,89.77,88.53,88.49,90.01,1.24,1.40%,01:23 PM04/17/2023 01:23:13 PM UTC-0400,7.85,9.58%,16.65,22.78%,-13.09,-12.73%
Cincinnati Financial,S&P 500,105.58,106.74,105.2,107.14,-1.16,-1.09%,01:22 PM04/17/2023 01:22:10 PM UTC-0400,1.68,1.54%,9.03,8.91%,-27.41,-19.89%
Cintas,S&P 500,458.36,458.61,457.67,462.52,-0.25,-0.05%,01:22 PM04/17/2023 01:22:11 PM UTC-0400,5.02,1.12%,61.12,15.56%,34.56,8.24%
Cisco,S&P 500,50.36,50.54,50.34,50.68,-0.18,-0.36%,01:23 PM04/17/2023 01:23:26 PM UTC-0400,1.23,2.52%,9.5,23.39%,-2.04,-3.91%
Citigroup,S&P 500,49.47,49.57,49.09,49.81,-0.11,-0.21%,01:23 PM04/17/2023 01:23:26 PM UTC-0400,-2.98,-5.97%,3.95,9.19%,-3.21,-6.40%
Citizens Financial Group,S&P 500,29.7,29.09,28.61,29.79,0.61,2.08%,01:23 PM04/17/2023 01:23:25 PM UTC-0400,-12.34,-29.58%,-6.76,-18.70%,-11.86,-28.77%
Clorox,S&P 500,158.31,158.24,158.04,159.11,0.07,0.04%,01:23 PM04/17/2023 01:23:13 PM UTC-0400,11.12,7.61%,26.41,20.18%,11.78,8.10%
CME Grou a,S&P 500,190.94,190.48,189.07,191.66,0.46,0.24%,01:22 PM04/17/2023 01:22:14 PM UTC-0400,16.12,9.18%,17.3,9.92%,-47.62,-19.89%
CMS Energy,S&P 500,60.95,60.79,60.86,61.39,0.16,0.26%,01:22 PM04/17/2023 01:22:30 PM UTC-0400,-2.47,-3.86%,6.94,12.73%,-10.46,-14.55%
Coca-Cola,S&P 500,63.29,63.05,63.18,63.53,0.24,0.37%,01:23 PM04/17/2023 01:23:25 PM UTC-0400,1.27,2.07%,6.82,12.20%,-2.04,-3.15%
Cognizant,S&P 500,60.21,60.04,59.87,60.41,0.17,0.28%,01:23 PM04/17/2023 01:23:16 PM UTC-0400,-3.78,-5.90%,1.33,2.26%,-25.78,-29.96%
Colgate-Palmolive,S&P 500,75.56,75.59,75.56,76.13,-0.04,-0.05%,01:23 PM04/17/2023 01:23:14 PM UTC-0400,-1.8,-2.31%,5.06,7.12%,-4.94,-6.10%
Comcast,S&P 500,38.06,37.96,37.95,38.15,0.1,0.25%,01:23 PM04/17/2023 01:23:26 PM UTC-0400,-1.29,-3.31%,7.41,24.51%,-10.27,-21.44%
Comerica,S&P 500,44.39,43.35,42.26,44.47,1.04,2.39%,01:23 PM04/17/2023 01:23:14 PM UTC-0400,-25.4,-37.06%,-29.28,-40.43%,-45.99,-51.60%
ConAgra Foods,S&P 500,37.11,36.98,37.09,37.32,0.13,0.36%,01:23 PM04/17/2023 01:23:26 PM UTC-0400,-2.31,-5.79%,3.22,9.36%,1.95,5.47%
ConocoPhillips,S&P 500,106.43,108.5,105.85,107.65,-2.07,-1.91%,01:23 PM04/17/2023 01:23:19 PM UTC-0400,-13.93,-11.47%,-15.24,-12.41%,7.29,7.27%
Consolidated Edison,S&P 500,97.49,96.68,96.9,97.95,0.81,0.84%,01:23 PM04/17/2023 01:23:26 PM UTC-0400,2.25,2.33%,16.59,20.20%,0.81,0.83%
Constellation Brand a,S&P 500,228.83,228.2,226.26,229.05,0.63,0.28%,01:23 PM04/17/2023 01:23:23 PM UTC-0400,1.41,0.63%,0.49,0.22%,-22.16,-8.91%
Cooper Cos,S&P 500,370.56,373.7,369.54,373.88,-3.14,-0.84%,01:12 PM04/17/2023 01:12:43 PM UTC-0400,22.53,6.43%,117.73,46.14%,-31.74,-7.84%
Copart,S&P 500,77.14,77.12,76.87,77.59,0.02,0.03%,01:23 PM04/17/2023 01:23:19 PM UTC-0400,13.32,21.20%,20.87,37.76%,15.45,25.45%
Corning,S&P 500,34.81,34.77,34.57,34.94,0.04,0.12%,01:22 PM04/17/2023 01:22:41 PM UTC-0400,-1.32,-3.66%,4.19,13.69%,0.88,2.60%
Corteva,S&P 500,62.32,62.11,62.2,62.82,0.21,0.34%,01:22 PM04/17/2023 01:22:38 PM UTC-0400,-0.93,-1.48%,-1.16,-1.84%,0.85,1.39%
CoStar Group,S&P 500,69.17,69.22,69.05,69.7,-0.05,-0.07%,01:22 PM04/17/2023 01:22:12 PM UTC-0400,-12.46,-15.37%,-3.08,-4.30%,5.09,8.02%
Costco Wholesale,S&P 500,492.52,491.3,491.41,497.81,1.22,0.25%,01:22 PM04/17/2023 01:22:47 PM UTC-0400,4.1,0.84%,21.36,4.56%,-101.74,-17.21%
Crown Castle,S&P 500,130.98,129.25,129.07,132.63,1.73,1.34%,01:23 PM04/17/2023 01:23:26 PM UTC-0400,-17.08,-11.32%,2.66,2.03%,-59.63,-30.83%
CSX,S&P 500,30.4,30.46,30.32,30.73,-0.07,-0.21%,01:23 PM04/17/2023 01:23:18 PM UTC-0400,-2.26,-6.97%,2.66,9.67%,-4.73,-13.56%
Cummins,S&P 500,233.73,233.59,233.33,236.17,0.14,0.06%,01:21 PM04/17/2023 01:21:32 PM UTC-0400,-19.75,-7.82%,8.56,3.82%,38.3,19.68%
CVS Health,S&P 500,75.2,74.7,74.1,75.42,0.5,0.67%,01:23 PM04/17/2023 01:23:09 PM UTC-0400,-14.95,-16.64%,-15.2,-16.87%,-30.09,-28.65%
D.R. Horton,S&P 500,98.37,98.24,97.95,99.52,0.13,0.13%,01:23 PM04/17/2023 01:23:25 PM UTC-0400,3.86,4.06%,28.16,39.85%,24.79,33.48%
Danaher,S&P 500,252.83,251.62,251.29,253,1.21,0.48%,01:23 PM04/17/2023 01:23:00 PM UTC-0400,-23.44,-8.57%,-7.1,-2.76%,-33.64,-11.86%
Darden Restaurants,S&P 500,151.06,152.43,150.82,153.64,-1.38,-0.90%,01:22 PM04/17/2023 01:22:20 PM UTC-0400,1.91,1.27%,18.72,14.07%,20.18,15.34%
DaVita HealthCare Partners,S&P 500,83.8,84.01,83.38,84.44,-0.22,-0.26%,01:21 PM04/17/2023 01:21:59 PM UTC-0400,4.23,5.35%,-6.21,-6.94%,-37.4,-30.99%
Deere,S&P 500,391.34,387.76,389.25,393.26,3.58,0.92%,01:22 PM04/17/2023 01:22:25 PM UTC-0400,-55.23,-12.56%,17.32,4.72%,-43.04,-10.07%
Delta Air Lines,S&P 500,34.37,33.77,33.68,34.61,0.61,1.79%,01:23 PM04/17/2023 01:23:16 PM UTC-0400,-4.5,-11.77%,3.36,11.06%,-7.31,-17.81%
DENTSPLY SIRONA,S&P 500,40.89,41.15,40.72,41.3,-0.26,-0.63%,01:23 PM04/17/2023 01:23:05 PM UTC-0400,3.96,10.83%,11.51,39.69%,-8.24,-16.90%
Devon Energy,S&P 500,55.57,55.7,55.28,56.19,-0.13,-0.23%,01:23 PM04/17/2023 01:23:13 PM UTC-0400,-9.08,-14.27%,-17.7,-24.49%,-9.17,-14.39%
DexCom,S&P 500,118.38,115.7,117.69,120.22,2.68,2.31%,01:23 PM04/17/2023 01:23:27 PM UTC-0400,6.35,5.85%,13.1,12.88%,-9.88,-7.92%
Diamondback Energy,S&P 500,145.4,146.74,144.9,147.35,-1.34,-0.91%,01:23 PM04/17/2023 01:23:02 PM UTC-0400,-0.23,-0.16%,-0.27,-0.19%,4.67,3.33%
Digital Realty Trust,S&P 500,94.21,89.78,90.48,94.55,4.43,4.93%,01:23 PM04/17/2023 01:23:19 PM UTC-0400,-13.19,-12.44%,0.81,0.88%,-54.39,-36.94%
The Cigna Group Registered Shs,S&P 500,257.38,259.11,256.36,260.59,-1.73,-0.67%,01:23 PM04/17/2023 01:23:15 PM UTC-0400,-53.6,-17.05%,-36.98,-12.42%,1.43,0.55%
Discover Financial Services,S&P 500,101.54,101.15,99.23,102.2,0.39,0.39%,01:22 PM04/17/2023 01:22:44 PM UTC-0400,-8.04,-7.50%,5.1,5.42%,-13.53,-12.01%
Dish Network,S&P 500,8.06,7.84,7.67,8.12,0.22,2.80%,01:23 PM04/17/2023 01:23:29 PM UTC-0400,-6.41,-44.24%,-5.36,-39.88%,-24.05,-74.85%
Dollar General Corporation,S&P 500,212.94,213.24,212.85,215.63,-0.31,-0.14%,01:23 PM04/17/2023 01:23:28 PM UTC-0400,-17.33,-7.42%,-25.98,-10.73%,-29.18,-11.89%
Dollar Tree,S&P 500,146.25,147.9,146.13,148.81,-1.66,-1.12%,01:23 PM04/17/2023 01:23:18 PM UTC-0400,2.91,1.98%,9.65,6.87%,-20.9,-12.22%
Dominion Energy,S&P 500,58.28,57.92,57.93,58.69,0.36,0.62%,01:23 PM04/17/2023 01:23:26 PM UTC-0400,-5.01,-7.96%,-7.14,-10.98%,-29.32,-33.62%
Domino's Pizza,S&P 500,329.77,330.39,328.81,334.02,-0.62,-0.19%,01:22 PM04/17/2023 01:22:03 PM UTC-0400,-11.25,-3.33%,-7.13,-2.14%,-65.72,-16.77%
Dover,S&P 500,147.14,147.03,147.09,148.44,0.11,0.07%,01:23 PM04/17/2023 01:23:09 PM UTC-0400,2.74,1.90%,25.41,20.88%,-2.31,-1.55%
Dow,S&P 500,56.66,56.5,56.47,56.95,0.17,0.29%,01:23 PM04/17/2023 01:23:29 PM UTC-0400,-1.79,-3.05%,10.98,23.90%,-7.3,-11.37%
DTE Energy,S&P 500,112.55,112.98,112.49,113.82,-0.43,-0.38%,01:22 PM04/17/2023 01:22:50 PM UTC-0400,-4.17,-3.54%,7.23,6.79%,-22.87,-16.74%
Duke Energy,S&P 500,98.03,97.61,97.91,98.74,0.42,0.43%,01:23 PM04/17/2023 01:23:27 PM UTC-0400,-5.55,-5.29%,11.43,12.99%,-15.7,-13.64%
DuPont de Nemours,S&P 500,70.71,70.44,70.35,71.14,0.27,0.38%,01:23 PM04/17/2023 01:23:29 PM UTC-0400,-4.37,-5.81%,17.53,32.89%,1.87,2.71%
DXC Technology,S&P 500,25.55,25.54,25.43,25.71,0.01,0.02%,01:23 PM04/17/2023 01:23:10 PM UTC-0400,-3.76,-13.06%,-2.42,-8.81%,-5.97,-19.25%
Eastman Chemical Company,S&P 500,82.71,82.8,82.35,83.09,-0.09,-0.11%,01:22 PM04/17/2023 01:22:26 PM UTC-0400,-8.39,-9.18%,9.06,12.25%,-25.42,-23.44%
Eaton Corporation,S&P 500,162.63,161.85,162.45,163.9,0.78,0.48%,01:23 PM04/17/2023 01:23:20 PM UTC-0400,-2.16,-1.31%,24.31,17.62%,20.48,14.44%
eBay,S&P 500,43.62,43.53,43.45,43.85,0.09,0.21%,01:23 PM04/17/2023 01:23:00 PM UTC-0400,-3.48,-7.52%,4.82,12.70%,-12.34,-22.39%
Ecolab,S&P 500,162.6,164.37,161.81,164.45,-1.77,-1.08%,01:22 PM04/17/2023 01:22:54 PM UTC-0400,9.86,6.38%,20.14,13.97%,-16.02,-8.88%
Edison International,S&P 500,71.84,71.62,71.48,72.17,0.22,0.31%,01:22 PM04/17/2023 01:22:45 PM UTC-0400,4.84,7.09%,16.15,28.38%,0.53,0.73%
Edwards Lifesciences,S&P 500,83.82,84.35,83.69,84.85,-0.53,-0.63%,01:22 PM04/17/2023 01:22:51 PM UTC-0400,4.61,5.89%,-1.25,-1.49%,-38.99,-31.99%
Electronic Arts,S&P 500,127.86,127.87,127.14,127.97,-0.01,-0.01%,01:23 PM04/17/2023 01:23:05 PM UTC-0400,0.67,0.53%,4.91,4.05%,2.51,2.03%
Eli Lilly and,S&P 500,372,374.69,371.16,375.86,-2.69,-0.72%,01:23 PM04/17/2023 01:23:17 PM UTC-0400,7.25,2.00%,36.81,11.08%,66.41,21.95%
Emerson Electric,S&P 500,86.51,86.33,86.37,87.67,0.18,0.21%,01:23 PM04/17/2023 01:23:17 PM UTC-0400,-14.27,-14.57%,2.86,3.54%,-9.67,-10.36%
Enphase Energy,S&P 500,224.9,208.9,214.78,229.23,16,7.66%,01:23 PM04/17/2023 01:23:27 PM UTC-0400,-49.8,-20.26%,-52.67,-21.18%,2.8,1.45%
Entergy,S&P 500,108.34,107.65,108.03,108.91,0.69,0.64%,01:22 PM04/17/2023 01:22:09 PM UTC-0400,3.54,3.32%,9.55,9.50%,-13.3,-10.77%
EOG Resources,S&P 500,121.55,121.63,120.73,121.94,-0.08,-0.07%,01:23 PM04/17/2023 01:23:16 PM UTC-0400,-7.24,-5.59%,-5.2,-4.08%,-1.37,-1.11%
Equifax,S&P 500,195,195.49,193.98,197.09,-0.49,-0.25%,01:23 PM04/17/2023 01:23:09 PM UTC-0400,-21.4,-9.86%,30.66,18.59%,-19.56,-9.09%
Equinix,S&P 500,699.48,688.68,685.17,703.43,10.8,1.57%,01:23 PM04/17/2023 01:23:05 PM UTC-0400,-10.85,-1.50%,188.53,36.08%,-40.89,-5.44%
Equity Residential,S&P 500,60.47,60.05,60.04,61.06,0.42,0.70%,01:23 PM04/17/2023 01:23:29 PM UTC-0400,-0.78,-1.29%,-4.11,-6.43%,-30.53,-33.78%
Essex Property Trust,S&P 500,208.84,207.86,206.04,209.65,0.98,0.47%,01:23 PM04/17/2023 01:23:21 PM UTC-0400,-7.64,-3.49%,-18.2,-7.94%,-136.33,-39.25%
Est√©e Lauder Companies,S&P 500,252.87,254.01,252.51,255.53,-1.14,-0.45%,01:22 PM04/17/2023 01:22:11 PM UTC-0400,-20.35,-7.61%,33.84,15.87%,-19.63,-7.36%
Etsy,S&P 500,102.98,102.53,102.08,103.55,0.45,0.44%,01:23 PM04/17/2023 01:23:11 PM UTC-0400,-34.51,-25.63%,3.84,3.99%,-17.31,-14.74%
Everest Reinsurance Group,S&P 500,358.2,359.2,357.15,360.78,-1,-0.28%,01:17 PM04/17/2023 01:17:37 PM UTC-0400,12.92,3.66%,91.78,33.50%,73.75,25.26%
Evergy,S&P 500,61.89,61.36,61.5,62.37,0.53,0.86%,01:23 PM04/17/2023 01:23:02 PM UTC-0400,-0.79,-1.26%,-1.66,-2.56%,-0.7,-1.23%
Eversource Energy,S&P 500,78.92,78.52,78.64,79.47,0.41,0.52%,01:22 PM04/17/2023 01:22:47 PM UTC-0400,-4.27,-5.08%,5.93,8.03%,-12.76,-13.79%
Exelon,S&P 500,42.5,42.13,42.22,42.68,0.37,0.88%,01:22 PM04/17/2023 01:22:55 PM UTC-0400,-0.3,-0.69%,5.85,15.71%,-5.56,-11.43%
Expedia,S&P 500,93.43,92.03,92.23,94.03,1.4,1.52%,01:23 PM04/17/2023 01:23:17 PM UTC-0400,-16.75,-15.79%,-2.13,-2.33%,-97.99,-52.31%
Expeditors International of Washington,S&P 500,110.72,111.67,110.25,112.02,-0.95,-0.85%,01:22 PM04/17/2023 01:22:50 PM UTC-0400,0.85,0.78%,19.57,21.70%,12.4,12.73%
Extra Space Storage,S&P 500,154.64,155.1,153.7,156.52,-0.46,-0.30%,01:22 PM04/17/2023 01:22:09 PM UTC-0400,11.59,7.63%,-3.39,-2.03%,-49.16,-23.12%
ExxonMobil,S&P 500,115.07,115.99,114.74,116.51,-0.93,-0.80%,01:23 PM04/17/2023 01:23:15 PM UTC-0400,2.02,1.79%,13.29,13.04%,28.33,32.62%
F5 Networks,S&P 500,144.42,145.45,144.01,146.2,-1.04,-0.71%,01:23 PM04/17/2023 01:23:29 PM UTC-0400,-2.32,-1.58%,2.85,2.02%,-64.86,-31.02%
Fastenal,S&P 500,53.12,53.27,53.07,54.1,-0.15,-0.28%,01:22 PM04/17/2023 01:22:45 PM UTC-0400,3.74,7.66%,5.77,12.33%,-6.42,-10.89%
FedEx,S&P 500,229.57,230.64,228.79,231.52,-1.07,-0.46%,01:23 PM04/17/2023 01:23:18 PM UTC-0400,40.83,21.65%,73.14,46.80%,23.09,11.19%
Fidelity National Information Services,S&P 500,57.43,57.41,57.07,57.62,0.02,0.03%,01:23 PM04/17/2023 01:23:11 PM UTC-0400,-14.44,-20.70%,-20.7,-27.23%,-46.19,-45.51%
Fifth Third Bancorp,S&P 500,26.8,26.44,25.92,26.89,0.36,1.34%,01:23 PM04/17/2023 01:23:22 PM UTC-0400,-8.25,-23.82%,-7.96,-23.17%,-13.12,-33.21%
First Republic Bank,S&P 500,13.26,13.13,12.67,13.28,0.13,0.99%,01:23 PM04/17/2023 01:23:26 PM UTC-0400,-114.98,-89.28%,-120.97,-89.75%,-152.08,-91.68%
FirstEnergy,S&P 500,40.79,40.84,40.71,41.12,-0.06,-0.13%,01:20 PM04/17/2023 01:20:20 PM UTC-0400,-1.27,-2.96%,4.36,11.75%,-5.7,-12.08%
Fiserv,S&P 500,116.12,115.59,115.38,116.31,0.53,0.45%,01:19 PM04/17/2023 01:19:44 PM UTC-0400,11.93,11.63%,18.84,19.70%,15.41,15.55%
FleetCor Technologies,S&P 500,219.79,221.22,219.32,221.94,-1.43,-0.65%,01:20 PM04/17/2023 01:20:21 PM UTC-0400,19.41,9.97%,43.71,25.65%,-43.04,-16.74%
FMC,S&P 500,123.37,122.67,123,124.22,0.7,0.57%,01:19 PM04/17/2023 01:19:43 PM UTC-0400,-7.49,-5.76%,5.92,5.08%,-16.12,-11.63%
Ford Motor,S&P 500,12.57,12.52,12.46,12.66,0.05,0.36%,01:20 PM04/17/2023 01:20:31 PM UTC-0400,-0.05,-0.39%,0.91,7.78%,-2.85,-18.36%
Fortinet,S&P 500,67.24,68.07,67.07,68.77,-0.83,-1.22%,01:20 PM04/17/2023 01:20:28 PM UTC-0400,18.32,37.49%,17.99,36.57%,-0.98,-1.44%
Fortive,S&P 500,67.18,67.18,67,67.37,0,0.00%,01:20 PM04/17/2023 01:20:29 PM UTC-0400,-0.62,-0.91%,6.52,10.81%,7.68,12.99%
Fox,S&P 500,33.72,33.41,33.43,33.74,0.31,0.91%,01:20 PM04/17/2023 01:20:03 PM UTC-0400,1.4,4.33%,2.03,6.40%,-5.38,-13.76%
Fox,S&P 500,30.95,30.75,30.76,31,0.2,0.63%,01:20 PM04/17/2023 01:20:03 PM UTC-0400,0.7,2.31%,1.63,5.55%,-4.92,-13.69%
Franklin Resources,S&P 500,26.64,26.74,26.45,26.81,-0.1,-0.37%,01:19 PM04/17/2023 01:19:51 PM UTC-0400,-3.64,-12.09%,4.21,18.95%,0.24,0.92%
Freeport-McMoRan,S&P 500,41.98,43.17,41.8,43.03,-1.19,-2.76%,01:20 PM04/17/2023 01:20:29 PM UTC-0400,-3.94,-8.74%,11.76,40.04%,-8.3,-16.79%
Garmin,S&P 500,98.73,98.89,98.47,99.47,-0.16,-0.16%,01:19 PM04/17/2023 01:19:53 PM UTC-0400,0.01,0.01%,17.83,22.17%,-14.73,-13.04%
Gartner,S&P 500,319.21,314.85,313.63,319.81,4.36,1.38%,01:20 PM04/17/2023 01:20:04 PM UTC-0400,-15.64,-4.65%,30.99,10.71%,25.02,8.47%
GE HealthCare Technologies,S&P 500,82.35,82.37,82,83.24,-0.02,-0.02%,01:20 PM04/17/2023 01:20:24 PM UTC-0400,16.31,24.92%,0,0.00%,0,0.00%
Generac Holdings,S&P 500,103.79,101.73,101.4,104.17,2.06,2.02%,01:19 PM04/17/2023 01:19:27 PM UTC-0400,-13.53,-11.90%,-46.2,-31.57%,-168.06,-62.66%
General Dynamics,S&P 500,228.22,227.64,226.9,229.3,0.58,0.25%,01:20 PM04/17/2023 01:20:15 PM UTC-0400,-11.08,-4.61%,0.17,0.07%,-14.44,-5.93%
General Electric,S&P 500,96.48,95.45,95.48,96.49,1.03,1.08%,01:20 PM04/17/2023 01:20:22 PM UTC-0400,13.9,17.33%,43.17,84.75%,26.04,38.26%
General Mills,S&P 500,86.86,86.56,86.82,87.34,0.3,0.35%,01:20 PM04/17/2023 01:20:31 PM UTC-0400,4.52,5.48%,8.21,10.42%,16.35,23.13%
General Motors,S&P 500,34.84,34.49,34.35,35.02,0.36,1.03%,01:20 PM04/17/2023 01:20:19 PM UTC-0400,-1.88,-5.15%,1.87,5.71%,-5.6,-13.92%
Genuine Parts,S&P 500,165.96,165.08,165.49,167.58,0.88,0.53%,01:19 PM04/17/2023 01:19:33 PM UTC-0400,-2.99,-1.76%,10.09,6.45%,35.05,26.65%
Gilead Sciences,S&P 500,83.31,83,83.03,83.74,0.31,0.37%,01:20 PM04/17/2023 01:20:31 PM UTC-0400,-4.11,-4.76%,15.7,23.62%,20.1,32.39%
Global Payments,S&P 500,108.3,107.51,107.17,108.35,0.79,0.73%,01:19 PM04/17/2023 01:19:57 PM UTC-0400,-2.45,-2.27%,-4.7,-4.28%,-32.84,-23.79%
Globe Life,S&P 500,107.24,107.27,106.25,107.81,-0.03,-0.03%,01:20 PM04/17/2023 01:20:23 PM UTC-0400,-14,-11.54%,-3.03,-2.75%,5,4.89%
Goldman Sachs,S&P 500,339.63,336.91,333.68,340.19,2.72,0.81%,01:20 PM04/17/2023 01:20:31 PM UTC-0400,-43,-11.52%,22.93,7.46%,7.96,2.47%
Halliburton,S&P 500,33.39,33.63,33.26,33.91,-0.24,-0.71%,01:20 PM04/17/2023 01:20:26 PM UTC-0400,-9.07,-21.26%,2.47,7.94%,-6.62,-16.46%
Hartford Financial Services Group,S&P 500,69.19,68.01,67.39,69.63,1.18,1.74%,01:20 PM04/17/2023 01:20:09 PM UTC-0400,-5.81,-7.58%,4.35,6.54%,-4.52,-6.00%
Hasbro,S&P 500,53.06,52.4,52.35,53.16,0.66,1.26%,01:19 PM04/17/2023 01:19:51 PM UTC-0400,-14.72,-22.30%,-16.79,-24.66%,-32.5,-38.78%
HCA Holdings,S&P 500,269.95,273.37,269.17,273.34,-3.42,-1.25%,01:20 PM04/17/2023 01:20:19 PM UTC-0400,13.47,5.20%,66.39,32.23%,13.75,5.31%
Healthpeak Properties,S&P 500,21.2,21,21.04,21.43,0.2,0.95%,01:20 PM04/17/2023 01:20:11 PM UTC-0400,-5.52,-20.41%,-1.23,-5.38%,-13.59,-38.69%
Henry Schein,S&P 500,82.49,82.43,82.3,82.71,0.06,0.07%,01:20 PM04/17/2023 01:20:06 PM UTC-0400,1.8,2.24%,14.83,22.02%,-9.79,-10.65%
Hess,S&P 500,146.16,148.98,145.47,148.94,-2.82,-1.89%,01:20 PM04/17/2023 01:20:28 PM UTC-0400,-6.15,-4.04%,17,13.16%,31.55,27.53%
Hewlett Packard Enterprise,S&P 500,15.83,15.9,15.78,16.03,-0.08,-0.47%,01:20 PM04/17/2023 01:20:30 PM UTC-0400,-0.47,-2.86%,3.16,24.58%,0.51,3.29%
Hilton Worldwide Holdings,S&P 500,144.7,144.31,144.18,145.98,0.39,0.27%,01:20 PM04/17/2023 01:20:25 PM UTC-0400,1.56,1.14%,15.28,12.41%,-15.54,-10.10%
Hologic,S&P 500,83.22,84.14,83.02,84.36,-0.93,-1.10%,01:20 PM04/17/2023 01:20:15 PM UTC-0400,3.78,4.73%,20.33,32.07%,6.84,8.90%
Home Depot,S&P 500,293.95,292.19,291.55,294.24,1.76,0.60%,01:20 PM04/17/2023 01:20:29 PM UTC-0400,-40.76,-12.31%,7.65,2.71%,-20.02,-6.45%
Honeywell,S&P 500,197.39,196.55,196.74,197.89,0.84,0.43%,01:20 PM04/17/2023 01:20:31 PM UTC-0400,-23.38,-10.79%,15.68,8.83%,-1.62,-0.83%
Hormel Foods,S&P 500,39.68,39.28,39.45,39.78,0.4,1.02%,01:19 PM04/17/2023 01:19:38 PM UTC-0400,-5.87,-12.72%,-5.75,-12.50%,-13.26,-24.79%
Host Hotels & Resorts,S&P 500,16.34,16.29,16.3,16.47,0.05,0.28%,01:20 PM04/17/2023 01:20:32 PM UTC-0400,-0.9,-5.29%,-0.72,-4.28%,-3.59,-18.22%
Howmet Aerospace,S&P 500,42.67,42.54,42.55,42.96,0.13,0.29%,01:20 PM04/17/2023 01:20:14 PM UTC-0400,2.65,6.50%,10.54,32.07%,8.13,23.04%
HP,S&P 500,30.91,29.82,30.47,31.13,1.09,3.66%,01:20 PM04/17/2023 01:20:21 PM UTC-0400,1.78,6.36%,3.64,13.98%,-8.28,-21.82%
Humana,S&P 500,515.34,523.97,514.65,524.34,-8.63,-1.65%,01:19 PM04/17/2023 01:19:42 PM UTC-0400,40.66,8.27%,31.8,6.36%,73.04,15.91%
Huntington Bancstocks,S&P 500,11.6,11.41,11.14,11.62,0.19,1.67%,01:20 PM04/17/2023 01:20:22 PM UTC-0400,-3.26,-22.36%,-2.57,-18.50%,-2.12,-15.77%
Huntington Ingalls Industries,S&P 500,210.59,209.95,210.26,212.12,0.64,0.30%,01:15 PM04/17/2023 01:15:35 PM UTC-0400,-12.6,-5.65%,-20.1,-8.71%,-2.46,-1.15%
IBM,S&P 500,127.3,128.13,127.06,128.72,-0.83,-0.65%,01:20 PM04/17/2023 01:20:26 PM UTC-0400,-17.28,-11.85%,6.78,5.57%,2.42,1.92%
IDEX,S&P 500,219.24,219.52,218.86,220.88,-0.28,-0.13%,01:17 PM04/17/2023 01:17:52 PM UTC-0400,-16.96,-7.10%,18.14,8.90%,26.98,13.84%
IDEXX Laboratories,S&P 500,477.62,482.49,475.29,485.31,-4.87,-1.01%,01:17 PM04/17/2023 01:17:18 PM UTC-0400,-8.18,-1.71%,135.68,40.47%,-37.71,-7.41%
Illinois Tool Works,S&P 500,230.9,231.32,230.31,233.31,-0.43,-0.18%,01:20 PM04/17/2023 01:20:13 PM UTC-0400,-0.86,-0.37%,41.64,21.83%,33.11,16.61%
Illumina,S&P 500,228.86,228.01,227,229.58,0.85,0.37%,01:19 PM04/17/2023 01:19:49 PM UTC-0400,25.77,12.81%,24.24,11.96%,-116.47,-33.92%
Incyte,S&P 500,74.35,74.5,74.23,75.07,-0.15,-0.20%,01:20 PM04/17/2023 01:20:00 PM UTC-0400,-6.89,-8.52%,5.52,8.07%,-8.05,-9.82%
The Hershey,S&P 500,257.81,256.27,256.65,258.18,1.54,0.60%,01:20 PM04/17/2023 01:20:08 PM UTC-0400,32.05,14.14%,30.86,13.55%,32.98,14.61%
Harris,S&P 500,201.11,200.58,200.75,202.31,0.53,0.26%,01:19 PM04/17/2023 01:19:47 PM UTC-0400,2.41,1.22%,-27.89,-12.26%,-54.64,-21.49%
Ingersoll Rand,S&P 500,55.83,55.7,55.61,56.2,0.13,0.23%,01:20 PM04/17/2023 01:20:33 PM UTC-0400,-1.1,-1.90%,9.67,20.68%,9.11,19.25%
Intel,S&P 500,31.85,31.89,31.81,32.64,-0.05,-0.14%,01:20 PM04/17/2023 01:20:34 PM UTC-0400,1.91,6.34%,5.6,21.20%,-14.99,-31.89%
IntercontinentalExchange Group,S&P 500,107.54,107.51,107.04,107.68,0.03,0.02%,01:20 PM04/17/2023 01:20:10 PM UTC-0400,-0.5,-0.46%,14.6,15.78%,-18.74,-14.89%
International Flavors & Fragrances,S&P 500,95.63,94.64,94.62,95.88,0.99,1.05%,01:20 PM04/17/2023 01:20:08 PM UTC-0400,-23.71,-20.39%,4.83,5.50%,-35.08,-27.48%
International Paper,S&P 500,35.95,35.91,35.86,36.19,0.04,0.10%,01:20 PM04/17/2023 01:20:16 PM UTC-0400,-1.77,-4.61%,3.72,11.34%,-10.57,-22.47%
Interpublic Group of Cos,S&P 500,37.83,37.87,37.71,38.16,-0.05,-0.12%,01:19 PM04/17/2023 01:19:45 PM UTC-0400,1.51,4.20%,10.1,36.90%,3.15,9.18%
Intuit,S&P 500,437.69,441.62,436.01,443.91,-3.93,-0.89%,01:18 PM04/17/2023 01:18:43 PM UTC-0400,41.88,10.65%,39.31,9.93%,-35.33,-7.51%
Intuitive Surgical,S&P 500,266.76,267.02,265.83,267.9,-0.26,-0.10%,01:19 PM04/17/2023 01:19:26 PM UTC-0400,2.87,1.11%,71.39,37.50%,-23.45,-8.22%
Invesco,S&P 500,17,16.9,16.76,17.05,0.11,0.63%,01:20 PM04/17/2023 01:20:30 PM UTC-0400,-3.26,-16.79%,1.62,11.16%,-5.35,-24.91%
Invitation Homes,S&P 500,32.7,32.21,32.24,32.85,0.49,1.52%,01:20 PM04/17/2023 01:20:25 PM UTC-0400,0.75,2.42%,-0.51,-1.57%,-9.86,-23.57%
IQVIA Holdings,S&P 500,201.2,200.36,199.74,201.87,0.84,0.42%,01:18 PM04/17/2023 01:18:53 PM UTC-0400,-24.14,-10.87%,21.71,12.32%,-41.44,-17.31%
Iron Mountain,S&P 500,52.94,52.76,52.66,53.24,0.18,0.34%,01:20 PM04/17/2023 01:20:01 PM UTC-0400,1.56,2.97%,8.4,18.35%,-1.78,-3.17%
J. M. Smucker,S&P 500,152.68,152.4,152.53,153.51,0.28,0.19%,01:19 PM04/17/2023 01:19:17 PM UTC-0400,-0.13,-0.08%,11.98,8.42%,15.23,10.95%
J.B. Hunt Transportation Services,S&P 500,175.23,176.77,174.75,177.45,-1.55,-0.87%,01:20 PM04/17/2023 01:20:31 PM UTC-0400,-1.33,-0.75%,9.25,5.56%,3.49,2.03%
Jack Henry & Associates,S&P 500,156.09,153.96,153.27,156.12,2.13,1.38%,01:19 PM04/17/2023 01:19:19 PM UTC-0400,-30.15,-16.59%,-33.62,-18.15%,-48.89,-24.38%
Johnson & Johnson,S&P 500,165.18,165.83,165,166.24,-0.65,-0.39%,01:20 PM04/17/2023 01:20:05 PM UTC-0400,-9.5,-5.48%,-1.28,-0.77%,-16.81,-9.30%
Johnson Controls International,S&P 500,57.86,57.49,57.67,58.13,0.37,0.64%,01:20 PM04/17/2023 01:20:29 PM UTC-0400,-11.46,-16.65%,4.94,9.42%,-5.28,-8.43%
JPMorgan Chase,S&P 500,139.13,138.69,137.66,140.06,0.44,0.31%,01:20 PM04/17/2023 01:20:34 PM UTC-0400,-14.42,-10.09%,19.22,17.58%,1.24,0.97%
Juniper Networks,S&P 500,33.5,33.99,33.49,34.16,-0.49,-1.44%,01:20 PM04/17/2023 01:20:27 PM UTC-0400,1.82,5.68%,7.49,28.51%,-1.49,-4.23%
Kellogg,S&P 500,67.4,67.01,67.12,67.55,0.39,0.57%,01:20 PM04/17/2023 01:20:31 PM UTC-0400,-1.63,-2.33%,-4.76,-6.51%,0.39,0.57%
KeyCorp,S&P 500,12.09,12.1,11.7,12.1,-0.01,-0.04%,01:20 PM04/17/2023 01:20:29 PM UTC-0400,-6.12,-33.65%,-4.64,-27.76%,-8.52,-41.40%
Keysight Technologies,S&P 500,152.51,159.57,151.82,158.75,-7.07,-4.43%,01:20 PM04/17/2023 01:20:02 PM UTC-0400,-23,-12.73%,0.81,0.52%,10.54,7.16%
Kimberly-Clark,S&P 500,138.21,137.33,137.63,138.75,0.88,0.64%,01:20 PM04/17/2023 01:20:31 PM UTC-0400,-0.09,-0.07%,22.15,19.33%,10.41,8.24%
Kimco Realty,S&P 500,18.87,18.7,18.72,19.07,0.17,0.91%,01:20 PM04/17/2023 01:20:34 PM UTC-0400,-2.38,-11.15%,-0.37,-1.89%,-6.09,-24.30%
Kinder Morgan,S&P 500,17.73,17.82,17.67,17.86,-0.09,-0.48%,01:20 PM04/17/2023 01:20:26 PM UTC-0400,-1.03,-5.44%,0.18,1.02%,-1.46,-7.57%
KLA-Tencor,S&P 500,366.61,375.04,361.91,370.27,-8.44,-2.25%,01:20 PM04/17/2023 01:20:24 PM UTC-0400,-49.9,-11.88%,91.6,32.89%,33.62,9.99%
Kroger,S&P 500,47.56,46.65,46.8,47.72,0.91,1.95%,01:20 PM04/17/2023 01:20:34 PM UTC-0400,2.11,4.66%,0.76,1.63%,-11.02,-18.89%
Laboratory,S&P 500,230.66,229.33,228.81,230.66,1.33,0.58%,01:19 PM04/17/2023 01:19:08 PM UTC-0400,-21.31,-8.47%,21.19,10.13%,-38.53,-14.33%
Lam Research,S&P 500,486,500.84,483.11,495.03,-14.84,-2.96%,01:19 PM04/17/2023 01:19:20 PM UTC-0400,23.4,4.94%,156.46,45.94%,24.46,5.18%
Lamb Weston Holdings,S&P 500,109.33,108.7,108.93,109.9,0.63,0.58%,01:20 PM04/17/2023 01:20:20 PM UTC-0400,10.01,10.20%,23.37,27.55%,40.86,60.70%
Las Vegas Sands,S&P 500,58.34,58.28,58.11,59.3,0.06,0.10%,01:20 PM04/17/2023 01:20:32 PM UTC-0400,0.92,1.67%,20.12,56.26%,19.62,54.11%
Leidos Holdings,S&P 500,92.45,91.92,91.62,92.63,0.53,0.58%,01:18 PM04/17/2023 01:18:42 PM UTC-0400,-5.65,-5.75%,1.58,1.74%,-16.06,-14.77%
Lennar,S&P 500,104.89,105.03,104.48,105.86,-0.15,-0.14%,01:20 PM04/17/2023 01:20:32 PM UTC-0400,6.57,6.65%,29.29,38.49%,27.4,35.13%
Lincoln National,S&P 500,21.37,20.96,20.62,21.66,0.41,1.96%,01:19 PM04/17/2023 01:19:58 PM UTC-0400,-10.9,-34.56%,-27.58,-57.20%,-43.84,-67.99%
Linde,S&P 500,360.75,359.63,359.51,361.49,1.12,0.31%,01:19 PM04/17/2023 01:19:41 PM UTC-0400,0,0.00%,0,0.00%,0,0.00%
Live Nation Entertainment,S&P 500,68.24,68.96,67.89,68.96,-0.72,-1.04%,01:20 PM04/17/2023 01:20:34 PM UTC-0400,-4.73,-6.34%,-8.03,-10.30%,-43.04,-38.10%
LKQ,S&P 500,55.95,56.32,55.84,56.57,-0.37,-0.66%,01:18 PM04/17/2023 01:18:21 PM UTC-0400,-2.21,-3.78%,5.81,11.50%,9.67,20.73%
Lockheed Martin,S&P 500,488.3,487.95,487.83,492.26,0.35,0.07%,01:20 PM04/17/2023 01:20:28 PM UTC-0400,38.42,8.54%,82.53,20.34%,19.02,4.05%
Loews,S&P 500,56.43,56.26,55.89,56.62,0.17,0.30%,01:17 PM04/17/2023 01:17:45 PM UTC-0400,-3.63,-6.03%,2.96,5.52%,-8.17,-12.62%
Lowe's Companies,S&P 500,203.92,202.15,202.22,204.27,1.77,0.87%,01:20 PM04/17/2023 01:20:31 PM UTC-0400,-12.46,-5.87%,6.58,3.41%,-5.95,-2.89%
Lyondellbasell Industries,S&P 500,97.13,96.87,96.85,97.62,0.26,0.26%,01:20 PM04/17/2023 01:20:14 PM UTC-0400,3.48,3.71%,17.17,21.45%,-8.71,-8.22%
M&T Bank,S&P 500,124.13,116.66,114.44,124.99,7.47,6.40%,01:20 PM04/17/2023 01:20:34 PM UTC-0400,-33.19,-22.19%,-70.85,-37.84%,-43.44,-27.18%
Marathon Oil,S&P 500,25.07,25.73,25.02,25.75,-0.66,-2.55%,01:20 PM04/17/2023 01:20:32 PM UTC-0400,-1.47,-5.43%,-2.72,-9.60%,-0.96,-3.61%
Marathon Petroleum Corporation,S&P 500,128.69,130.78,127.62,130.66,-2.09,-1.60%,01:20 PM04/17/2023 01:20:22 PM UTC-0400,8.3,6.81%,21.07,19.30%,42.63,48.67%
MarketAxess Holdings,S&P 500,336.02,336,334.45,337.35,0.02,0.00%,01:19 PM04/17/2023 01:19:20 PM UTC-0400,8.57,2.60%,98.69,41.31%,66.01,24.31%
Marriott,S&P 500,168.74,168.1,168.24,170.06,0.64,0.38%,01:20 PM04/17/2023 01:20:33 PM UTC-0400,-0.31,-0.19%,18.25,12.74%,-14.07,-8.02%
Marsh & McLennan Cos,S&P 500,173.35,173.14,172.95,173.96,0.21,0.12%,01:37 PM04/17/2023 01:37:31 PM UTC-0400,-3.33,-1.92%,14.15,9.07%,0.23,0.14%
Martin Marietta Materials,S&P 500,350.74,349.09,347.46,351.3,1.65,0.47%,01:31 PM04/17/2023 01:31:47 PM UTC-0400,-8.75,-2.46%,31.94,10.16%,-20.68,-5.64%
Masco,S&P 500,48.97,48.64,48.63,49.05,0.33,0.68%,01:37 PM04/17/2023 01:37:11 PM UTC-0400,-3.6,-6.92%,-0.22,-0.45%,-2.07,-4.10%
MasterCard,S&P 500,369.63,372.2,368.39,374.1,-2.57,-0.69%,01:37 PM04/17/2023 01:37:24 PM UTC-0400,-13.69,-3.65%,67.92,23.11%,6.67,1.88%
McCormick,S&P 500,84.94,85,84.91,85.66,-0.06,-0.07%,01:37 PM04/17/2023 01:37:28 PM UTC-0400,4.74,5.84%,11.04,14.75%,-16.14,-15.82%
McDonald's,S&P 500,288.67,288.95,288.2,290.51,-0.28,-0.10%,01:37 PM04/17/2023 01:37:10 PM UTC-0400,16.45,6.12%,38.65,15.67%,33.87,13.47%
McKesson,S&P 500,359.93,361.97,357.9,362.8,-2.04,-0.56%,01:37 PM04/17/2023 01:37:26 PM UTC-0400,-19.3,-5.05%,8.04,2.27%,36.84,11.31%
Medtronic,S&P 500,81.8,80.72,80.82,81.81,1.08,1.34%,01:37 PM04/17/2023 01:37:49 PM UTC-0400,0.26,0.32%,-2.69,-3.22%,-29.65,-26.84%
Merck,S&P 500,114.96,115.34,114.2,116.45,-0.38,-0.33%,01:37 PM04/17/2023 01:37:38 PM UTC-0400,1.54,1.37%,21.29,23.02%,27.65,32.10%
Meta Platforms,S&P 500,219.12,221.49,217.13,220.98,-2.37,-1.07%,01:37 PM04/17/2023 01:37:50 PM UTC-0400,77.02,56.23%,83.71,64.25%,-0.99,-0.46%
MetLife,S&P 500,60.79,60.62,59.89,61.05,0.17,0.27%,01:37 PM04/17/2023 01:37:47 PM UTC-0400,-11.93,-16.58%,-5.25,-8.05%,-10.49,-14.88%
Mettler-Toledo International,S&P 500,"1,577.84","1,577.76","1,572.57","1,581.92",0.08,0.01%,01:26 PM04/17/2023 01:26:40 PM UTC-0400,-28.09,-1.80%,399.93,35.35%,187.37,13.94%
MGM Resorts International,S&P 500,43.85,43.55,43.6,44.27,0.3,0.69%,01:37 PM04/17/2023 01:37:12 PM UTC-0400,3.45,8.73%,12.25,39.85%,1.68,4.07%
Microchip Technology,S&P 500,79.58,79.53,78.77,79.6,0.05,0.06%,01:37 PM04/17/2023 01:37:43 PM UTC-0400,4.31,5.75%,19.79,33.29%,12.47,18.68%
Micron Technology,S&P 500,62.19,62.63,61.98,62.77,-0.44,-0.70%,01:37 PM04/17/2023 01:37:45 PM UTC-0400,5.03,8.84%,7.1,12.94%,-10.42,-14.40%
Microsoft,S&P 500,287.19,286.14,286.2,291.58,1.05,0.37%,01:37 PM04/17/2023 01:37:45 PM UTC-0400,44.26,18.50%,49.25,21.03%,-4.13,-1.44%
Mid-America Apartment Communities,S&P 500,148.58,147.08,147.23,149.79,1.5,1.02%,01:33 PM04/17/2023 01:33:14 PM UTC-0400,-10.81,-6.76%,2.61,1.78%,-57.04,-27.67%
Moderna,S&P 500,145.48,157.1,143.22,156.75,-11.63,-7.40%,01:37 PM04/17/2023 01:37:43 PM UTC-0400,-36.44,-18.98%,20.84,15.47%,-14.1,-8.31%
Mohawk Industries,S&P 500,97.89,97.92,97.4,98.57,-0.03,-0.03%,01:37 PM04/17/2023 01:37:43 PM UTC-0400,-20.87,-17.58%,1.17,1.21%,-25.12,-20.43%
Molina Healthcare,S&P 500,292.88,293.69,291.36,294.29,-0.82,-0.28%,01:35 PM04/17/2023 01:35:25 PM UTC-0400,-4.19,-1.40%,-61.05,-17.09%,-38.09,-11.40%
Molson Coors Brewing Company,S&P 500,56.75,56.06,56,56.98,0.7,1.24%,01:37 PM04/17/2023 01:37:33 PM UTC-0400,3.53,6.95%,4.83,9.77%,0,0.00%
Mondelez,S&P 500,69.95,69.81,69.71,70.19,0.14,0.20%,01:37 PM04/17/2023 01:37:42 PM UTC-0400,3.15,4.70%,12.53,21.72%,6.36,9.96%
Monolithic Power Systems,S&P 500,476.65,477.27,470.84,480.41,-0.62,-0.13%,01:35 PM04/17/2023 01:35:24 PM UTC-0400,67.43,16.92%,133.93,40.35%,45.25,10.76%
Monster Beverage,S&P 500,52.79,52.56,52.52,53.03,0.23,0.43%,01:37 PM04/17/2023 01:37:16 PM UTC-0400,1.43,2.80%,7.43,16.50%,10.47,24.91%
Moody's,S&P 500,300.55,302.24,300.55,304.07,-1.69,-0.56%,01:36 PM04/17/2023 01:36:59 PM UTC-0400,-16.37,-5.20%,56.53,23.39%,-35.53,-10.65%
Morgan Stanley,S&P 500,88.45,86.72,86.27,88.58,1.73,2.00%,01:37 PM04/17/2023 01:37:47 PM UTC-0400,-6.08,-6.64%,6.19,7.80%,1.3,1.54%
Motorola Solutions,S&P 500,290.55,291.48,289.85,292.3,-0.93,-0.32%,01:37 PM04/17/2023 01:37:12 PM UTC-0400,19.53,7.34%,60.5,26.87%,49.33,20.88%
MSCI,S&P 500,536.88,540,536.59,544.97,-3.12,-0.58%,01:34 PM04/17/2023 01:34:46 PM UTC-0400,25.46,5.04%,124.81,30.74%,37.48,7.60%
Nasdaq,S&P 500,55.62,55.16,54.86,55.67,0.46,0.82%,01:37 PM04/17/2023 01:37:03 PM UTC-0400,-8.46,-13.35%,-3.66,-6.25%,-5.57,-9.22%
NetApp,S&P 500,67.39,66.35,66.25,67.44,1.04,1.57%,01:37 PM04/17/2023 01:37:49 PM UTC-0400,1.74,2.69%,2.29,3.57%,-10.88,-14.08%
Netflix,S&P 500,330.11,338.63,327.54,338.39,-8.53,-2.52%,01:37 PM04/17/2023 01:37:44 PM UTC-0400,-1.79,-0.54%,98.52,42.37%,-19.4,-5.54%
Newell Brands,S&P 500,12.61,12.42,12.41,12.62,0.19,1.53%,01:37 PM04/17/2023 01:37:44 PM UTC-0400,-3.2,-20.77%,-2.43,-16.60%,-10.25,-45.64%
Newmont Mining,S&P 500,48.74,49.51,48.23,49,-0.77,-1.56%,01:37 PM04/17/2023 01:37:45 PM UTC-0400,-4.64,-8.53%,8.09,19.43%,-34.57,-41.01%
News b,S&P 500,17.46,17.55,17.46,17.62,-0.1,-0.54%,01:35 PM04/17/2023 01:35:30 PM UTC-0400,-2.35,-11.86%,1.19,7.31%,-4.61,-20.88%
News,S&P 500,17.3,17.4,17.29,17.45,-0.11,-0.60%,01:37 PM04/17/2023 01:37:42 PM UTC-0400,-2.16,-11.10%,1.36,8.53%,-4.33,-20.02%
NextEra Energy,S&P 500,78.26,78.03,78.04,78.55,0.23,0.29%,01:37 PM04/17/2023 01:37:47 PM UTC-0400,-6.07,-7.17%,5.52,7.55%,-4.96,-5.94%
Nike,S&P 500,125.72,125.91,125.13,126.48,-0.19,-0.15%,01:37 PM04/17/2023 01:37:43 PM UTC-0400,-5.17,-4.01%,34.12,38.09%,-3.79,-2.97%
Nisource,S&P 500,28.15,27.84,28.01,28.35,0.31,1.11%,01:37 PM04/17/2023 01:37:03 PM UTC-0400,0.86,3.11%,3.43,13.59%,-3.02,-9.53%
Norfolk Southern,S&P 500,207.83,207.53,207.52,209.06,0.3,0.14%,01:37 PM04/17/2023 01:37:17 PM UTC-0400,-48.86,-19.15%,-9.21,-4.27%,-54.9,-21.02%
Northern Trust,S&P 500,85.76,87.92,81.03,85.89,-2.17,-2.46%,01:37 PM04/17/2023 01:37:30 PM UTC-0400,-9.29,-9.46%,1.68,1.93%,-24.9,-21.88%
Northrop Grumman,S&P 500,473.25,472.58,471.84,477.68,0.67,0.14%,01:35 PM04/17/2023 01:35:57 PM UTC-0400,11.45,2.48%,-28.55,-5.69%,8.4,1.81%
NortonLifeLock,S&P 500,17.87,17.57,17.56,17.97,0.3,1.71%,01:37 PM04/17/2023 01:37:33 PM UTC-0400,-4.76,-21.28%,-3.6,-16.97%,-9.26,-34.46%
Norwegian Cruise Line,S&P 500,12.88,12.62,12.56,12.95,0.26,2.02%,01:37 PM04/17/2023 01:37:44 PM UTC-0400,-2.89,-18.50%,-0.23,-1.74%,-8.7,-40.60%
NRG Energy,S&P 500,34.97,35.22,34.92,35.5,-0.26,-0.72%,01:37 PM04/17/2023 01:37:08 PM UTC-0400,3.89,12.20%,-5.44,-13.20%,-3.02,-7.79%
Nucor,S&P 500,147.08,146.2,146.04,148.05,0.88,0.60%,01:37 PM04/17/2023 01:37:35 PM UTC-0400,-9.86,-6.26%,23.59,19.02%,-15.57,-9.54%
NVIDIA,S&P 500,266.5,267.58,264.36,269.23,-1.08,-0.40%,01:37 PM04/17/2023 01:37:49 PM UTC-0400,95.96,56.78%,145.35,121.53%,42.92,19.33%
NVR,S&P 500,"5,672.93","5,642.79","5,653.23","5,743.18",30.14,0.53%,01:30 PM04/17/2023 01:30:38 PM UTC-0400,596.82,11.94%,"1,568.19",38.95%,"1,181.74",26.78%
The Mosaic,S&P 500,47.31,46.98,47.04,47.58,0.33,0.70%,01:37 PM04/17/2023 01:37:47 PM UTC-0400,0.45,0.97%,-5.25,-10.10%,-28.57,-37.93%
NXP Semiconductors,S&P 500,173.57,172.35,170.85,173.68,1.22,0.71%,01:38 PM04/17/2023 01:38:02 PM UTC-0400,-1.6,-0.93%,27.05,18.89%,-0.81,-0.47%
O Reilly Automotive,S&P 500,897.38,892.27,894.78,904.02,5.11,0.57%,01:37 PM04/17/2023 01:37:54 PM UTC-0400,61.88,7.59%,139.37,18.89%,153.25,21.16%
Occidental Petroleum,S&P 500,63.15,64.48,63.1,64.4,-1.33,-2.06%,01:38 PM04/17/2023 01:38:02 PM UTC-0400,-0.48,-0.73%,-3.14,-4.62%,5.23,8.77%
Old Dominion Freight Line,S&P 500,337.36,338.67,336.57,341.73,-1.31,-0.39%,01:37 PM04/17/2023 01:37:37 PM UTC-0400,24.71,7.84%,71.51,26.63%,73.48,27.56%
Omnicom Group,S&P 500,94.82,95.03,94.27,95.51,-0.21,-0.22%,01:38 PM04/17/2023 01:38:01 PM UTC-0400,9.56,11.37%,25.76,37.95%,15.51,19.85%
ONEOK,S&P 500,66.41,67.03,66.2,67.46,-0.62,-0.92%,01:37 PM04/17/2023 01:37:41 PM UTC-0400,-4.6,-6.49%,10.55,18.94%,-5.08,-7.12%
Oracle,S&P 500,95.56,95.72,95.32,95.99,-0.16,-0.17%,01:38 PM04/17/2023 01:38:02 PM UTC-0400,4.71,5.28%,28.68,43.97%,14.14,17.73%
Organon & Company,S&P 500,23.94,23.81,23.52,24.14,0.13,0.55%,01:37 PM04/17/2023 01:37:59 PM UTC-0400,-8.45,-26.34%,-0.41,-1.71%,-11.38,-32.51%
Otis Worldwide Corporation Registered Shs When Issued,S&P 500,81.68,81.27,81.47,82.22,0.41,0.50%,01:37 PM04/17/2023 01:37:57 PM UTC-0400,-2.56,-3.07%,15.71,24.17%,4.86,6.41%
Paccar,S&P 500,73.11,72.72,73.03,73.57,0.39,0.54%,01:37 PM04/17/2023 01:37:56 PM UTC-0400,3.66,5.35%,11.95,19.86%,16.62,29.94%
Packaging,S&P 500,141.52,141.15,140.79,142.22,0.37,0.26%,01:35 PM04/17/2023 01:35:12 PM UTC-0400,6.83,5.04%,26.47,22.87%,-17.36,-10.88%
Paramount Global,S&P 500,21.95,21.58,21.58,22.19,0.37,1.71%,01:37 PM04/17/2023 01:37:57 PM UTC-0400,2.07,10.32%,2.98,15.56%,-14.11,-38.93%
Parker Hannifin,S&P 500,323.17,319.15,319.73,325.61,4.02,1.26%,01:31 PM04/17/2023 01:31:24 PM UTC-0400,6.97,2.20%,65.09,25.10%,50.88,18.60%
Paychex,S&P 500,108.68,107.92,108.08,109.01,0.76,0.70%,01:37 PM04/17/2023 01:37:26 PM UTC-0400,-11.9,-9.89%,-1.86,-1.69%,-29.48,-21.38%
Paycom Software,S&P 500,305.93,303.11,302.02,306.68,2.82,0.93%,01:36 PM04/17/2023 01:36:58 PM UTC-0400,-10.28,-3.38%,-19.28,-6.15%,-31.2,-9.59%
PayPal,S&P 500,77.19,76.53,76.56,77.94,0.66,0.86%,01:37 PM04/17/2023 01:37:56 PM UTC-0400,-5.98,-7.52%,-10.54,-12.54%,-31.67,-30.11%
Pentair,S&P 500,52.79,52.95,52.71,53.38,-0.16,-0.30%,01:37 PM04/17/2023 01:37:57 PM UTC-0400,2.65,5.25%,11.66,28.09%,0.21,0.40%
PepsiCo,S&P 500,183.77,183.51,183.62,184.75,0.26,0.14%,01:37 PM04/17/2023 01:37:35 PM UTC-0400,7.32,4.18%,7.95,4.55%,9.56,5.53%
PerkinElmer,S&P 500,136.08,137.12,135.78,137.09,-1.04,-0.76%,01:36 PM04/17/2023 01:36:34 PM UTC-0400,0.6,0.45%,13.18,10.87%,-29.84,-18.17%
Pfizer,S&P 500,41.13,41.19,40.96,41.21,-0.07,-0.16%,01:38 PM04/17/2023 01:38:01 PM UTC-0400,-6.46,-13.50%,-1.57,-3.65%,-11.72,-22.07%
Philip Morris,S&P 500,99.59,99.49,99.35,100.04,0.11,0.11%,01:37 PM04/17/2023 01:37:43 PM UTC-0400,-2.91,-2.86%,11.56,13.25%,-2.41,-2.38%
Phillips 66,S&P 500,104.42,106.29,103.75,106.15,-1.87,-1.76%,01:37 PM04/17/2023 01:37:58 PM UTC-0400,3.03,2.94%,9.12,9.41%,22.92,27.57%
Pinnacle West Capital,S&P 500,78.71,78.51,78.54,79.11,0.2,0.25%,01:37 PM04/17/2023 01:37:34 PM UTC-0400,4.41,5.86%,17.76,28.63%,2.43,3.14%
Pioneer Natural Resources,S&P 500,228.58,229.96,227.79,232,-1.38,-0.60%,01:37 PM04/17/2023 01:37:54 PM UTC-0400,-13.81,-5.78%,-28.28,-11.15%,-30.16,-11.81%
PNC Financial Services Group,S&P 500,122.53,121.8,118.71,123.09,0.73,0.60%,01:38 PM04/17/2023 01:38:01 PM UTC-0400,-44.26,-27.00%,-33.27,-21.75%,-58.72,-32.92%
Pool,S&P 500,333.19,330.25,329.33,334.45,2.94,0.89%,01:36 PM04/17/2023 01:36:55 PM UTC-0400,-15.19,-4.35%,12.19,3.79%,-87.54,-20.77%
PPG Industries,S&P 500,139.78,138.4,138.38,140.17,1.38,0.99%,01:38 PM04/17/2023 01:38:02 PM UTC-0400,5.62,4.24%,25.87,23.07%,7.43,5.69%
PPL,S&P 500,28.62,28.56,28.62,28.85,0.06,0.21%,01:38 PM04/17/2023 01:38:01 PM UTC-0400,-1.96,-6.40%,3.97,16.09%,-0.34,-1.16%
Principal Financial Group,S&P 500,76.31,75.89,75.02,76.55,0.42,0.55%,01:37 PM04/17/2023 01:37:47 PM UTC-0400,-13.99,-15.66%,-3.45,-4.38%,1.33,1.80%
Procter & Gamble,S&P 500,150.64,151,150.62,151.46,-0.36,-0.24%,01:37 PM04/17/2023 01:37:57 PM UTC-0400,0.2,0.13%,24.81,19.65%,-8.35,-5.24%
Progressive,S&P 500,137.14,135.75,136,138.23,1.39,1.02%,01:37 PM04/17/2023 01:37:56 PM UTC-0400,14.55,10.89%,25.77,21.05%,34.26,30.07%
Prologis,S&P 500,121.91,119.77,119.71,122.17,2.15,1.79%,01:37 PM04/17/2023 01:37:45 PM UTC-0400,0.94,0.77%,20.35,19.86%,-42.15,-25.55%
Prudential Financial,S&P 500,86.11,85.57,84.61,86.23,0.54,0.63%,01:36 PM04/17/2023 01:36:49 PM UTC-0400,-16.13,-15.97%,-10.3,-10.82%,-31.46,-27.05%
PTC,S&P 500,128.47,127.73,127.55,128.81,0.74,0.58%,01:37 PM04/17/2023 01:37:57 PM UTC-0400,-3.3,-2.54%,18.22,16.84%,24.82,24.44%
,S&P 500,63.37,63.51,63.23,63.87,-0.15,-0.23%,01:38 PM04/17/2023 01:38:01 PM UTC-0400,0.95,1.52%,8.64,15.72%,-7.94,-11.10%
,S&P 500,290.69,290.26,288.47,293.14,0.43,0.15%,01:36 PM04/17/2023 01:36:14 PM UTC-0400,22.47,7.73%,24,8.30%,-92.34,-22.77%
PulteGroup,S&P 500,60.37,60.15,59.98,60.8,0.22,0.36%,01:37 PM04/17/2023 01:37:53 PM UTC-0400,9.04,17.82%,20.91,53.81%,17.05,39.91%
Qorvo,S&P 500,92.78,93.58,92.36,93.36,-0.8,-0.85%,01:37 PM04/17/2023 01:37:57 PM UTC-0400,-6.88,-6.85%,11.6,14.16%,-22.59,-19.46%
QUALCOMM,S&P 500,118.68,120.16,118.23,119.84,-1.49,-1.24%,01:38 PM04/17/2023 01:38:02 PM UTC-0400,0.03,0.02%,7.41,6.57%,-20.23,-14.40%
Quanta Services,S&P 500,166.33,166.05,165.96,167.45,0.28,0.17%,01:36 PM04/17/2023 01:36:28 PM UTC-0400,16.54,11.14%,34.81,26.73%,30.21,22.41%
Quest Diagnostics,S&P 500,142.56,142.4,142.11,143.43,0.16,0.11%,01:36 PM04/17/2023 01:36:27 PM UTC-0400,-5.47,-3.70%,16.7,13.28%,5.41,3.95%
Ralph Lauren a,S&P 500,118,120.07,117.87,120.32,-2.07,-1.72%,01:36 PM04/17/2023 01:36:21 PM UTC-0400,-0.59,-0.50%,24.19,25.72%,10.57,9.82%
Raymond James Financial,S&P 500,94.89,93.59,92.06,95.17,1.3,1.38%,01:37 PM04/17/2023 01:37:06 PM UTC-0400,-23.5,-20.34%,-14.47,-13.59%,-19.64,-17.59%
Raytheon Technologies,S&P 500,102.83,101.71,101.8,103.29,1.12,1.10%,01:37 PM04/17/2023 01:37:58 PM UTC-0400,2.87,2.91%,16.68,19.65%,-1.8,-1.74%
Realty Income,S&P 500,60.98,60.77,60.82,61.29,0.21,0.35%,01:37 PM04/17/2023 01:37:56 PM UTC-0400,-4.27,-6.45%,4.35,7.55%,-10.26,-14.21%
Regency Centers,S&P 500,59.88,59.66,59.66,60.42,0.22,0.37%,01:37 PM04/17/2023 01:37:57 PM UTC-0400,-5.99,-9.08%,5.29,9.67%,-10.54,-14.94%
Regeneron Pharmaceuticals,S&P 500,821.91,829.33,818.65,833.62,-7.42,-0.89%,01:37 PM04/17/2023 01:37:17 PM UTC-0400,98.3,13.61%,67.87,9.02%,88.54,12.10%
Regions Financial,S&P 500,18.78,18.5,18.22,18.9,0.28,1.49%,01:37 PM04/17/2023 01:37:59 PM UTC-0400,-4.09,-18.22%,-2.54,-12.16%,-2.6,-12.40%
Republic Services,S&P 500,138.05,137.38,137.54,138.5,0.67,0.48%,01:16 PM04/17/2023 01:16:25 PM UTC-0400,12.06,9.65%,6.27,4.80%,3.79,2.85%
ResMed,S&P 500,223.42,224.54,223.01,225.53,-1.12,-0.50%,01:15 PM04/17/2023 01:15:57 PM UTC-0400,3.94,1.81%,7.26,3.38%,-14.52,-6.14%
Robert Half,S&P 500,75.35,75.36,75.23,76.02,-0.01,-0.01%,01:16 PM04/17/2023 01:16:30 PM UTC-0400,-3.51,-4.53%,-8.14,-9.92%,-37.28,-33.52%
Rockwell Automation,S&P 500,276.99,277.37,276.65,279.54,-0.38,-0.14%,01:16 PM04/17/2023 01:16:01 PM UTC-0400,-4.12,-1.44%,49.22,21.22%,14.24,5.34%
Rollins,S&P 500,38.75,38.79,38.7,39.13,-0.05,-0.12%,01:16 PM04/17/2023 01:16:31 PM UTC-0400,1.4,3.69%,3.11,8.62%,3.7,10.43%
Roper Industries,S&P 500,440.64,439.87,439.77,442.66,0.77,0.18%,01:15 PM04/17/2023 01:15:03 PM UTC-0400,-8.57,-1.90%,72.07,19.45%,-25.48,-5.44%
Ross Stores,S&P 500,103.63,104.6,103.5,104.99,-0.97,-0.93%,01:16 PM04/17/2023 01:16:31 PM UTC-0400,-17.12,-14.27%,17.44,20.41%,-0.04,-0.04%
Royal Caribbean Cruises,S&P 500,62.44,61.95,61.42,62.79,0.49,0.79%,01:16 PM04/17/2023 01:16:05 PM UTC-0400,-1.88,-2.96%,16.85,37.65%,-20.38,-24.86%
S&P Global,S&P 500,347.03,347.79,346.31,349.86,-0.76,-0.22%,01:16 PM04/17/2023 01:16:09 PM UTC-0400,-23.41,-6.39%,50.44,17.26%,-53.64,-13.53%
Salesforce,S&P 500,196.64,194.66,195.03,197.52,1.99,1.02%,01:16 PM04/17/2023 01:16:32 PM UTC-0400,40.89,27.35%,44.94,30.90%,-5.46,-2.79%
SBA Communications REIT,S&P 500,261.33,258.53,259.39,264.8,2.8,1.08%,01:15 PM04/17/2023 01:15:38 PM UTC-0400,-44.88,-14.64%,11.92,4.77%,-92.94,-26.21%
Schlumberger,S&P 500,51.74,52.47,51.4,52.75,-0.73,-1.39%,01:16 PM04/17/2023 01:16:25 PM UTC-0400,-6.33,-10.85%,7.81,17.68%,9.41,22.10%
Seagate Technology,S&P 500,63.97,63.96,63.37,64.74,0.01,0.02%,01:16 PM04/17/2023 01:16:32 PM UTC-0400,9.12,15.93%,13.34,25.15%,-17.72,-21.07%
Sealed Air,S&P 500,46.92,46.61,46.6,47.24,0.31,0.67%,01:16 PM04/17/2023 01:16:31 PM UTC-0400,-8.28,-15.20%,0.24,0.52%,-21.06,-31.31%
Sempra Energy,S&P 500,153.97,153.02,152.91,154.1,0.95,0.62%,01:16 PM04/17/2023 01:16:21 PM UTC-0400,-6.83,-4.25%,10.95,7.66%,-16.45,-9.65%
ServiceNow,S&P 500,470.05,462.81,464.41,471.69,7.24,1.56%,01:16 PM04/17/2023 01:16:29 PM UTC-0400,56.5,13.61%,109.64,30.30%,-54.5,-10.36%
Sherwin-Williams,S&P 500,229.98,225.67,226.37,230,4.31,1.91%,01:16 PM04/17/2023 01:16:30 PM UTC-0400,-20.24,-8.23%,20.15,9.80%,-32.6,-12.62%
Simon Property Group,S&P 500,109.56,107.52,107.92,109.79,2.04,1.90%,01:16 PM04/17/2023 01:16:29 PM UTC-0400,-16.08,-12.80%,13.66,14.25%,-18.07,-14.16%
Skyworks Solutions,S&P 500,110.05,110.08,109.21,110.5,-0.03,-0.03%,01:16 PM04/17/2023 01:16:25 PM UTC-0400,6.28,6.18%,24.09,28.75%,-14.48,-11.83%
Snap-On,S&P 500,239.59,239.87,239.46,242.31,-0.28,-0.12%,01:13 PM04/17/2023 01:13:41 PM UTC-0400,-10.84,-4.35%,25.57,12.04%,27.48,13.05%
Southern,S&P 500,71.99,71.94,71.91,72.48,0.06,0.08%,01:16 PM04/17/2023 01:16:10 PM UTC-0400,1.81,2.57%,8.1,12.64%,-3.23,-4.29%
Southwest Airlines,S&P 500,32.18,31.67,31.69,32.3,0.51,1.61%,01:16 PM04/17/2023 01:16:30 PM UTC-0400,-4.74,-12.81%,-0.16,-0.49%,-13.8,-29.97%
Stanley Black & Decker,S&P 500,79.42,79.41,78.74,79.97,0.01,0.01%,01:16 PM04/17/2023 01:16:31 PM UTC-0400,-10.81,-12.16%,1.01,1.31%,-63.39,-44.80%
Starbucks,S&P 500,107.83,107.47,107.68,108.65,0.36,0.33%,01:16 PM04/17/2023 01:16:31 PM UTC-0400,-1.63,-1.52%,16.23,18.16%,24.68,30.50%
State Street,S&P 500,71.28,80.01,65.62,71.34,-8.73,-10.91%,01:16 PM04/17/2023 01:16:29 PM UTC-0400,-4.77,-5.75%,14.71,23.17%,-4.67,-5.64%
STERIS,S&P 500,187.25,186.5,186.44,188.06,0.75,0.40%,01:16 PM04/17/2023 01:16:11 PM UTC-0400,-8.58,-4.24%,24.08,14.21%,-55.78,-22.37%
Stryker,S&P 500,291.06,291.83,290.09,293.13,-0.77,-0.26%,01:15 PM04/17/2023 01:15:35 PM UTC-0400,30.41,11.71%,76.12,35.56%,26.57,10.08%
Synchrony Financial,S&P 500,29.67,29.8,29.07,29.84,-0.14,-0.45%,01:16 PM04/17/2023 01:16:31 PM UTC-0400,-3.93,-11.74%,-2.85,-8.78%,-7.95,-21.21%
Synopsys,S&P 500,377.84,381.68,376.47,382.48,-3.84,-1.01%,01:15 PM04/17/2023 01:15:56 PM UTC-0400,43.55,13.08%,89.09,31.00%,69.8,22.76%
Sysco,S&P 500,74.79,73.48,73.8,74.98,1.31,1.78%,01:16 PM04/17/2023 01:16:08 PM UTC-0400,-5.52,-6.87%,0.36,0.48%,-11.87,-13.69%
T. Rowe Price Group,S&P 500,112.86,113.27,112.41,114.1,-0.42,-0.37%,01:15 PM04/17/2023 01:15:35 PM UTC-0400,-8.1,-6.83%,8.45,8.29%,-33.17,-23.10%
Take Two,S&P 500,124.1,123.07,122.63,124.16,1.03,0.84%,01:16 PM04/17/2023 01:16:00 PM UTC-0400,14.65,13.95%,0.82,0.69%,-19.31,-13.89%
Tapestry,S&P 500,41.39,42.14,41.25,42.15,-0.75,-1.77%,01:16 PM04/17/2023 01:16:29 PM UTC-0400,-2.1,-4.83%,10.19,32.78%,6.85,19.90%
Target,S&P 500,162.78,160.99,161.24,162.81,1.79,1.11%,01:16 PM04/17/2023 01:16:30 PM UTC-0400,-1.01,-0.61%,9.55,6.20%,-70.22,-30.03%
TE Connectivity,S&P 500,125.96,125.94,125.41,126.85,0.02,0.01%,01:14 PM04/17/2023 01:14:11 PM UTC-0400,1.13,0.91%,13.93,12.50%,1.18,0.95%
Teledyne Technologies,S&P 500,437.73,439.79,437.36,443.04,-2.06,-0.47%,01:15 PM04/17/2023 01:15:54 PM UTC-0400,23.11,5.55%,98.05,28.73%,-40.78,-8.49%
Teleflex,S&P 500,259.19,263.95,258.02,263.26,-4.76,-1.80%,01:15 PM04/17/2023 01:15:50 PM UTC-0400,20.72,8.60%,68.41,35.42%,-76.58,-22.65%
Teradyne,S&P 500,96.77,100.75,95.79,97.84,-3.98,-3.95%,01:16 PM04/17/2023 01:16:32 PM UTC-0400,4.04,4.15%,26.37,35.11%,-8.13,-7.42%
Tesla,S&P 500,185.31,185,182.7,189.69,0.31,0.17%,01:16 PM04/17/2023 01:16:32 PM UTC-0400,58.14,47.50%,-41.18,-18.57%,-160.25,-47.02%
Texas Instruments,S&P 500,178.84,178.98,177.86,179.6,-0.14,-0.08%,01:16 PM04/17/2023 01:16:31 PM UTC-0400,-1.46,-0.82%,23.21,15.04%,2.44,1.39%
Textron,S&P 500,68.82,68.58,68.72,69.28,0.24,0.35%,01:16 PM04/17/2023 01:16:29 PM UTC-0400,-2.6,-3.70%,5.97,9.68%,-1.51,-2.18%
The Kraft Heinz Company,S&P 500,39.33,39.1,39.1,39.4,0.23,0.58%,01:16 PM04/17/2023 01:16:32 PM UTC-0400,-3.14,-7.40%,3.5,9.78%,-2.72,-6.48%
Thermo Fisher Scientific,S&P 500,586.55,588.84,584.29,590.39,-2.29,-0.39%,01:16 PM04/17/2023 01:16:31 PM UTC-0400,-4.48,-0.77%,68.42,13.39%,2.4,0.42%
TJX Cos,S&P 500,77.29,77.18,76.98,77.61,0.11,0.14%,01:16 PM04/17/2023 01:16:31 PM UTC-0400,-4.82,-5.91%,11.53,17.69%,12.95,20.31%
T-Mobile US,S&P 500,149.72,149.59,149.67,150.37,0.13,0.09%,01:16 PM04/17/2023 01:16:30 PM UTC-0400,-0.17,-0.11%,16.43,12.35%,14.66,10.87%
Tractor Supply,S&P 500,239.22,237.95,238.65,240.45,1.27,0.53%,01:16 PM04/17/2023 01:16:31 PM UTC-0400,11.55,5.22%,29.74,14.66%,-4.74,-2.00%
Trane Technologies,S&P 500,175.21,174.98,174.5,176.36,0.23,0.13%,01:16 PM04/17/2023 01:16:24 PM UTC-0400,-8.49,-4.63%,27.81,18.91%,25.88,17.37%
Grainger,S&P 500,656.36,651.04,652.78,660.03,5.32,0.82%,01:14 PM04/17/2023 01:14:29 PM UTC-0400,81.28,14.16%,136.58,26.34%,127.77,24.23%
TransDigm Group,S&P 500,751.96,751.8,750.07,757.67,0.16,0.02%,01:13 PM04/17/2023 01:13:48 PM UTC-0400,61.37,8.97%,223.59,42.85%,109.54,17.23%
Travelers,S&P 500,169.59,168.38,167.64,170.31,1.21,0.72%,01:16 PM04/17/2023 01:16:20 PM UTC-0400,-19.96,-10.30%,8.34,5.04%,-9.9,-5.39%
Trimble Navigation,S&P 500,48.44,48.93,48.4,48.9,-0.49,-1.00%,01:15 PM04/17/2023 01:15:49 PM UTC-0400,-5.4,-9.91%,-4.37,-8.17%,-20.26,-29.21%
Truist Financial Corporation,S&P 500,33.92,33.25,32.73,34.24,0.67,2.00%,01:16 PM04/17/2023 01:16:31 PM UTC-0400,-14.33,-30.13%,-10.85,-24.61%,-18.76,-36.08%
Tyler Technologies,S&P 500,362.5,364.36,361.59,365.93,-1.86,-0.51%,01:15 PM04/17/2023 01:15:03 PM UTC-0400,42.2,13.32%,34.53,10.64%,-59.22,-14.16%
Tyson Foods,S&P 500,61.25,60.81,60.9,61.68,0.44,0.72%,01:15 PM04/17/2023 01:15:54 PM UTC-0400,-3.38,-5.20%,-3.86,-5.90%,-32.92,-34.84%
U.S. Bancorp,S&P 500,35.2,34.98,33.95,35.41,0.22,0.63%,01:16 PM04/17/2023 01:16:32 PM UTC-0400,-11.92,-25.18%,-5.87,-14.22%,-15.23,-30.08%
UDR,S&P 500,40.59,40.24,40.16,40.87,0.36,0.88%,01:16 PM04/17/2023 01:16:30 PM UTC-0400,0.26,0.66%,1.38,3.52%,-17.29,-29.97%
Ulta Beauty,S&P 500,532.87,534.66,531.68,538.88,-1.79,-0.33%,01:14 PM04/17/2023 01:14:58 PM UTC-0400,32.14,6.55%,124.24,31.15%,107.63,25.90%
Union Pacific,S&P 500,199.22,198.54,198.87,202.68,0.68,0.34%,01:16 PM04/17/2023 01:16:30 PM UTC-0400,-14.46,-6.78%,1.95,0.99%,-45.86,-18.75%
United Airlines Holdings,S&P 500,42.12,41.67,41.58,42.27,0.45,1.08%,01:16 PM04/17/2023 01:16:30 PM UTC-0400,-10.21,-19.77%,6.04,17.06%,-3.7,-8.20%
United Parcel Service,S&P 500,193.3,192.85,192.58,194.38,0.45,0.23%,01:16 PM04/17/2023 01:16:31 PM UTC-0400,7.8,4.28%,26.3,16.08%,0.97,0.51%
United Rentals,S&P 500,382.82,378.06,378.6,384.36,4.76,1.26%,01:16 PM04/17/2023 01:16:18 PM UTC-0400,-16.39,-4.18%,92.5,32.64%,50.88,15.65%
UnitedHealth,S&P 500,503.52,511.22,503.02,509.34,-7.71,-1.51%,01:16 PM04/17/2023 01:16:31 PM UTC-0400,31.82,6.50%,10.48,2.05%,-16.64,-3.09%
Universal Health Services,S&P 500,135.7,135.95,135.43,137.2,-0.25,-0.18%,01:16 PM04/17/2023 01:16:31 PM UTC-0400,-13.87,-9.38%,40.01,42.55%,-14.91,-10.01%
V.F,S&P 500,22.41,22.48,22.34,22.76,-0.07,-0.29%,01:16 PM04/17/2023 01:16:29 PM UTC-0400,-9.56,-30.69%,-7.59,-26.02%,-34.36,-61.42%
Valero Energy,S&P 500,128.15,131.85,127.61,130.7,-3.7,-2.81%,01:16 PM04/17/2023 01:16:30 PM UTC-0400,-2.39,-1.76%,12.87,10.65%,29.77,28.63%
Ventas,S&P 500,43.74,43.5,43.5,44.32,0.25,0.56%,01:16 PM04/17/2023 01:16:31 PM UTC-0400,-4.68,-9.55%,6.98,18.70%,-16.92,-27.64%
VeriSign,S&P 500,216.56,216.46,216.15,217.79,0.1,0.05%,01:16 PM04/17/2023 01:16:31 PM UTC-0400,-1.31,-0.61%,35.75,20.21%,-2.73,-1.27%
Verisk Analytic a,S&P 500,191.14,191.86,190.7,193.28,-0.72,-0.38%,01:16 PM04/17/2023 01:16:09 PM UTC-0400,8.22,4.47%,22.43,13.21%,-21.94,-10.25%
Verizon,S&P 500,39.3,39.21,39.14,39.46,0.09,0.23%,01:16 PM04/17/2023 01:16:32 PM UTC-0400,-2.64,-6.30%,2.81,7.72%,-14.94,-27.59%
Vertex Pharmaceuticals,S&P 500,328.49,333.52,327.51,335,-5.04,-1.51%,01:16 PM04/17/2023 01:16:11 PM UTC-0400,25.43,8.45%,29.83,10.06%,35.44,12.18%
Viatris,S&P 500,9.86,9.87,9.78,9.9,-0.02,-0.15%,01:16 PM04/17/2023 01:16:32 PM UTC-0400,-1.72,-14.90%,0.17,1.76%,-1.17,-10.65%
Visa,S&P 500,231.71,233.97,230.94,234.02,-2.26,-0.96%,01:16 PM04/17/2023 01:16:32 PM UTC-0400,4.81,2.16%,43.23,23.42%,14.53,6.81%
Vulcan Materials,S&P 500,170.67,169.07,168.28,170.77,1.6,0.95%,01:15 PM04/17/2023 01:15:55 PM UTC-0400,-15.88,-8.67%,12.06,7.76%,-9.23,-5.23%
W. R. Berkley,S&P 500,61.88,61.48,61.13,62.19,0.4,0.65%,01:16 PM04/17/2023 01:16:08 PM UTC-0400,-10.52,-14.34%,-8.61,-12.05%,-5.52,-8.07%
Wabtec,S&P 500,99.9,99.71,99.83,100.6,0.19,0.19%,01:14 PM04/17/2023 01:14:17 PM UTC-0400,-4.49,-4.31%,14.02,16.38%,10.02,11.18%
Walgreens Boots Alliance,S&P 500,35.61,35.32,35.35,35.74,0.29,0.82%,01:16 PM04/17/2023 01:16:31 PM UTC-0400,-1.09,-2.96%,2.04,6.06%,-8.91,-19.98%
Walmart,S&P 500,149.1,148.46,148.5,149.67,0.64,0.43%,01:16 PM04/17/2023 01:16:31 PM UTC-0400,4.1,2.82%,17.1,12.93%,-7.94,-5.05%
Walt Disney,S&P 500,99.76,99.89,99.17,100.57,-0.13,-0.13%,01:16 PM04/17/2023 01:16:31 PM UTC-0400,-1.45,-1.45%,1.33,1.38%,-34.41,-25.99%
Waste Management,S&P 500,165.35,165.31,164.96,166.3,0.04,0.02%,01:16 PM04/17/2023 01:16:11 PM UTC-0400,11.29,7.32%,8.12,5.16%,5.69,3.56%
Waters,S&P 500,306.54,307.16,304.88,308.4,-0.62,-0.20%,01:15 PM04/17/2023 01:15:02 PM UTC-0400,-36.16,-10.66%,26.43,9.55%,4.49,1.50%
WEC Energy Group,S&P 500,96.16,96.85,95.99,97.52,-0.69,-0.71%,01:16 PM04/17/2023 01:16:31 PM UTC-0400,2.41,2.52%,13.44,15.86%,-5.03,-4.87%
Wells Fargo,S&P 500,40.91,39.64,39.56,41.03,1.27,3.19%,01:16 PM04/17/2023 01:16:32 PM UTC-0400,-5.01,-11.33%,-3.12,-7.37%,-9.36,-19.27%
Welltower,S&P 500,74.53,74.09,74.12,75.03,0.45,0.60%,01:16 PM04/17/2023 01:16:31 PM UTC-0400,3.49,4.91%,15.47,26.15%,-22.27,-22.98%
West Pharmaceutical Services,S&P 500,361.09,364.03,360.48,364.67,-2.94,-0.81%,01:15 PM04/17/2023 01:15:31 PM UTC-0400,107.9,43.04%,109.36,43.88%,-28.79,-7.43%
Western Digital,S&P 500,35.88,35.46,35.2,36.01,0.42,1.18%,01:16 PM04/17/2023 01:16:30 PM UTC-0400,0.78,2.10%,2.9,8.26%,-9.86,-20.60%
WestRock,S&P 500,30.31,30.19,30.11,30.51,0.13,0.41%,01:16 PM04/17/2023 01:16:30 PM UTC-0400,-7.38,-19.65%,-1.9,-5.92%,-19.3,-39.01%
Weyerhaeuser,S&P 500,31.25,31.08,31,31.5,0.17,0.53%,01:16 PM04/17/2023 01:16:30 PM UTC-0400,-1.24,-3.90%,0.77,2.58%,-9.48,-23.65%
Whirlpool,S&P 500,135.63,134.94,135.15,137.03,0.69,0.51%,01:15 PM04/17/2023 01:15:46 PM UTC-0400,-20.32,-13.17%,-9.35,-6.52%,-43.21,-24.39%
Williams Companies,S&P 500,30.35,30.4,30.34,30.57,-0.05,-0.16%,01:16 PM04/17/2023 01:16:28 PM UTC-0400,-2.49,-7.59%,-0.08,-0.26%,-4.72,-13.47%
Willis Towers Watson,S&P 500,236.84,237.46,236.28,238.14,-0.62,-0.26%,01:15 PM04/17/2023 01:15:34 PM UTC-0400,-17.45,-6.85%,30.14,14.56%,3.32,1.42%
Wynn Resorts,S&P 500,111.53,110.99,111.29,113.25,0.54,0.49%,01:16 PM04/17/2023 01:16:07 PM UTC-0400,5.81,5.80%,48.96,85.74%,32.49,44.16%
Xcel Energy,S&P 500,70.22,70.14,70.11,70.86,0.08,0.11%,01:16 PM04/17/2023 01:16:30 PM UTC-0400,-0.13,-0.18%,11.3,18.92%,-3.33,-4.48%
Xylem,S&P 500,104.13,104.43,104,105.31,-0.31,-0.29%,01:16 PM04/17/2023 01:16:32 PM UTC-0400,-13.4,-11.46%,15.17,17.17%,16.98,19.63%
YUM! Brands,S&P 500,136.62,134.9,134.99,136.62,1.72,1.28%,01:16 PM04/17/2023 01:16:31 PM UTC-0400,1.76,1.36%,22.31,20.34%,10.07,8.26%
Zebra Technologies,S&P 500,301.07,303.08,299.38,304.35,-2.01,-0.66%,01:16 PM04/17/2023 01:16:09 PM UTC-0400,7.71,2.63%,33.14,12.35%,-103.59,-25.58%
Activision Blizzard,Nasdaq 100,85.41,85.27,84.62,85.43,0.14,0.16%,01:39 PM04/17/2023 01:39:48 PM UTC-0400,8.29,10.81%,11.83,16.18%,5.85,7.40%
Adobe,Nasdaq 100,375.36,379.38,374.75,380.76,-4.02,-1.06%,01:39 PM04/17/2023 01:39:53 PM UTC-0400,25.51,7.41%,75.15,25.50%,-61.78,-14.31%
Align Technology,Nasdaq 100,345.86,342.27,341.71,345.91,3.59,1.05%,01:39 PM04/17/2023 01:39:06 PM UTC-0400,92.49,38.58%,119.94,56.49%,-84.66,-20.31%
Alphabet A,Nasdaq 100,105.79,108.87,104.52,106,-3.08,-2.83%,01:40 PM04/17/2023 01:40:02 PM UTC-0400,12.52,13.59%,5.58,5.63%,-25.25,-19.44%
Alphabet C,Nasdaq 100,106.37,109.46,105.33,106.71,-3.1,-2.83%,01:40 PM04/17/2023 01:40:02 PM UTC-0400,12.42,13.38%,5.51,5.53%,-25.07,-19.24%
Amazon,Nasdaq 100,102.42,102.51,101.59,103.73,-0.1,-0.09%,01:40 PM04/17/2023 01:40:01 PM UTC-0400,-0.29,-0.30%,-14.7,-13.06%,-57.71,-37.10%
AMD,Nasdaq 100,89.22,91.75,88.3,90.69,-2.54,-2.76%,01:40 PM04/17/2023 01:40:02 PM UTC-0400,21.33,30.04%,33.39,56.65%,-5.41,-5.54%
American Electric Power,Nasdaq 100,92.9,92.5,92.89,93.6,0.4,0.43%,01:40 PM04/17/2023 01:40:01 PM UTC-0400,-0.58,-0.61%,9.48,11.18%,-7.99,-7.81%
Amgen,Nasdaq 100,248.41,250,248.06,251.5,-1.59,-0.64%,01:39 PM04/17/2023 01:39:26 PM UTC-0400,-22.23,-8.18%,-2.16,-0.86%,-4.01,-1.58%
Analog Devices,Nasdaq 100,188.08,188.51,187.41,189.7,-0.43,-0.23%,01:40 PM04/17/2023 01:40:00 PM UTC-0400,18.31,10.84%,44.54,31.20%,29.17,18.45%
ANSYS,Nasdaq 100,318.69,317.47,316.89,319.73,1.22,0.38%,01:39 PM04/17/2023 01:39:43 PM UTC-0400,62.39,24.55%,110.82,53.88%,20.69,6.99%
Apple,Nasdaq 100,164.7,165.21,164.03,165.39,-0.52,-0.31%,01:40 PM04/17/2023 01:40:02 PM UTC-0400,25.34,18.80%,17.11,11.97%,-10.3,-6.04%
Applied Materials,Nasdaq 100,110.45,112.9,109.08,111.14,-2.45,-2.17%,01:39 PM04/17/2023 01:39:52 PM UTC-0400,3.19,2.90%,33.74,42.48%,-3.7,-3.17%
ASML,Nasdaq 100,635,666.2,632.68,642.1,-31.21,-4.68%,01:39 PM04/17/2023 01:39:44 PM UTC-0400,-5.03,-0.76%,249.26,61.48%,41.9,6.84%
Autodesk,Nasdaq 100,197.85,194.66,195.35,200.01,3.19,1.64%,01:38 PM04/17/2023 01:38:57 PM UTC-0400,-7.43,-3.70%,-0.69,-0.36%,-8.58,-4.25%
Automatic Data Processing,Nasdaq 100,216.02,215.7,215.83,217.08,0.32,0.15%,01:39 PM04/17/2023 01:39:59 PM UTC-0400,-29.75,-12.13%,-14.29,-6.22%,-18.13,-7.76%
Baker Hughes,Nasdaq 100,28.94,29.15,28.79,29.3,-0.21,-0.72%,01:40 PM04/17/2023 01:40:02 PM UTC-0400,-2.38,-7.52%,5.37,22.49%,-7.97,-21.41%
Biogen,Nasdaq 100,291.76,288.13,290.05,294.17,3.63,1.26%,01:39 PM04/17/2023 01:39:34 PM UTC-0400,-2.25,-0.78%,15.85,5.87%,71.81,33.56%
Booking Holdings,Nasdaq 100,"2,661.44","2,649.86","2,631.97","2,664.22",11.58,0.44%,01:39 PM04/17/2023 01:39:45 PM UTC-0400,245.91,10.69%,855.12,50.54%,287.14,12.70%
Broadcom,Nasdaq 100,625.42,619.54,617.87,625.8,5.88,0.95%,01:39 PM04/17/2023 01:39:27 PM UTC-0400,37.7,6.51%,178.73,40.81%,24.16,4.08%
Cadence Design Systems,Nasdaq 100,212.35,214.55,211.91,215.48,-2.2,-1.03%,01:38 PM04/17/2023 01:38:49 PM UTC-0400,42.92,25.36%,61.63,40.94%,56.39,36.20%
Charte a,Nasdaq 100,341.59,341.5,340.93,345,0.09,0.03%,01:40 PM04/17/2023 01:40:01 PM UTC-0400,-45.19,-11.63%,17.34,5.32%,-219.12,-38.96%
Cintas,Nasdaq 100,458,458.61,457.67,462.52,-0.61,-0.13%,01:38 PM04/17/2023 01:38:42 PM UTC-0400,5.02,1.12%,61.12,15.56%,34.56,8.24%
Cisco,Nasdaq 100,50.29,50.54,50.29,50.68,-0.25,-0.49%,01:40 PM04/17/2023 01:40:02 PM UTC-0400,1.23,2.52%,9.5,23.39%,-2.04,-3.91%
Cognizant,Nasdaq 100,60.24,60.04,59.87,60.41,0.2,0.32%,01:40 PM04/17/2023 01:40:01 PM UTC-0400,-3.78,-5.90%,1.33,2.26%,-25.78,-29.96%
Comcast,Nasdaq 100,38.08,37.96,37.95,38.15,0.12,0.32%,01:40 PM04/17/2023 01:40:01 PM UTC-0400,-1.29,-3.31%,7.41,24.51%,-10.27,-21.44%
Copart,Nasdaq 100,77.11,77.12,76.87,77.59,-0.02,-0.02%,01:40 PM04/17/2023 01:40:01 PM UTC-0400,13.32,21.20%,20.87,37.76%,15.45,25.45%
CoStar Group,Nasdaq 100,69.12,69.22,69.05,69.7,-0.1,-0.14%,01:40 PM04/17/2023 01:40:01 PM UTC-0400,-12.46,-15.37%,-3.08,-4.30%,5.09,8.02%
Costco Wholesale,Nasdaq 100,492.59,491.3,491.41,497.81,1.29,0.26%,01:39 PM04/17/2023 01:39:28 PM UTC-0400,4.1,0.84%,21.36,4.56%,-101.74,-17.21%
CrowdStrike,Nasdaq 100,136.9,135.77,134.65,137.95,1.13,0.83%,01:39 PM04/17/2023 01:39:43 PM UTC-0400,35.47,35.64%,-17.6,-11.53%,-104.86,-43.72%
CSX,Nasdaq 100,30.37,30.46,30.32,30.73,-0.1,-0.31%,01:39 PM04/17/2023 01:39:44 PM UTC-0400,-2.26,-6.97%,2.66,9.67%,-4.73,-13.56%
DexCom,Nasdaq 100,118.5,115.7,117.69,120.22,2.8,2.42%,01:39 PM04/17/2023 01:39:49 PM UTC-0400,6.35,5.85%,13.1,12.88%,-9.88,-7.92%
Diamondback Energy,Nasdaq 100,145.19,146.74,144.9,147.35,-1.55,-1.06%,01:39 PM04/17/2023 01:39:52 PM UTC-0400,-0.23,-0.16%,-0.27,-0.19%,4.67,3.33%
Dollar Tree,Nasdaq 100,146.11,147.9,146.1,148.81,-1.79,-1.21%,01:40 PM04/17/2023 01:40:02 PM UTC-0400,2.91,1.98%,9.65,6.87%,-20.9,-12.22%
eBay,Nasdaq 100,43.65,43.53,43.45,43.85,0.12,0.28%,01:39 PM04/17/2023 01:39:59 PM UTC-0400,-3.48,-7.52%,4.82,12.70%,-12.34,-22.39%
Electronic Arts,Nasdaq 100,127.95,127.87,127.14,127.98,0.08,0.06%,01:37 PM04/17/2023 01:37:56 PM UTC-0400,0.67,0.53%,4.91,4.05%,2.51,2.03%
Exelon,Nasdaq 100,42.42,42.13,42.22,42.68,0.29,0.68%,01:40 PM04/17/2023 01:40:02 PM UTC-0400,-0.3,-0.69%,5.85,15.71%,-5.56,-11.43%
Fastenal,Nasdaq 100,53.13,53.27,53.07,54.1,-0.14,-0.26%,01:40 PM04/17/2023 01:40:01 PM UTC-0400,3.74,7.66%,5.77,12.33%,-6.42,-10.89%
Fiserv,Nasdaq 100,116.37,115.59,115.38,116.37,0.78,0.67%,01:39 PM04/17/2023 01:39:53 PM UTC-0400,11.93,11.63%,18.84,19.70%,15.41,15.55%
Gilead Sciences,Nasdaq 100,83.28,83,83.03,83.74,0.28,0.33%,01:40 PM04/17/2023 01:40:02 PM UTC-0400,-4.11,-4.76%,15.7,23.62%,20.1,32.39%
GLOBALFOUNDRIES,Nasdaq 100,64.52,65.85,64.23,65.47,-1.33,-2.02%,01:39 PM04/17/2023 01:39:31 PM UTC-0400,6.92,11.70%,15.57,30.84%,11.23,20.48%
Honeywell,Nasdaq 100,197.42,196.55,196.74,197.89,0.87,0.44%,01:40 PM04/17/2023 01:40:01 PM UTC-0400,-23.38,-10.79%,15.68,8.83%,-1.62,-0.83%
IDEXX Laboratories,Nasdaq 100,477.45,482.49,475.29,485.31,-5.04,-1.04%,01:39 PM04/17/2023 01:39:08 PM UTC-0400,-8.18,-1.71%,135.68,40.47%,-37.71,-7.41%
Illumina,Nasdaq 100,228.24,228.01,227,229.58,0.23,0.10%,12:21 PM04/17/2023 12:21:25 PM UTC-0400,25.77,12.81%,24.24,11.96%,-116.47,-33.92%
Intel,Nasdaq 100,31.95,31.89,31.88,32.64,0.06,0.19%,12:21 PM04/17/2023 12:21:31 PM UTC-0400,1.91,6.34%,5.6,21.20%,-14.99,-31.89%
Intuit,Nasdaq 100,436.41,441.62,436.01,443.91,-5.22,-1.18%,12:20 PM04/17/2023 12:20:51 PM UTC-0400,41.88,10.65%,39.31,9.93%,-35.33,-7.51%
Intuitive Surgical,Nasdaq 100,266.59,267.02,265.83,267.9,-0.43,-0.16%,12:21 PM04/17/2023 12:21:32 PM UTC-0400,2.87,1.11%,71.39,37.50%,-23.45,-8.22%
JD.com,Nasdaq 100,37.93,36.85,37.55,37.99,1.08,2.92%,12:21 PM04/17/2023 12:21:36 PM UTC-0400,-26.65,-41.90%,-8.1,-17.98%,-21.33,-36.60%
Keurig Dr Pepper,Nasdaq 100,35.27,35.1,35.21,35.42,0.17,0.47%,12:21 PM04/17/2023 12:21:30 PM UTC-0400,-0.48,-1.34%,-2.93,-7.68%,-2.45,-6.51%
KLA-Tencor,Nasdaq 100,363.96,375.04,361.91,370.27,-11.08,-2.95%,12:21 PM04/17/2023 12:21:25 PM UTC-0400,-49.9,-11.88%,91.6,32.89%,33.62,9.99%
Lam Research,Nasdaq 100,484.18,500.84,483.11,495.03,-16.66,-3.33%,12:21 PM04/17/2023 12:21:32 PM UTC-0400,23.4,4.94%,156.46,45.94%,24.46,5.18%
Lululemon Athletica,Nasdaq 100,367.75,368.25,366.99,373.41,-0.5,-0.14%,12:20 PM04/17/2023 12:20:52 PM UTC-0400,48.07,15.24%,69.03,23.44%,-31.49,-7.97%
Marriott,Nasdaq 100,168.5,168.1,168.24,170.06,0.4,0.24%,12:21 PM04/17/2023 12:21:10 PM UTC-0400,-0.31,-0.19%,18.25,12.74%,-14.07,-8.02%
Marvell Technology,Nasdaq 100,40.04,40.29,39.42,40.51,-0.25,-0.62%,12:21 PM04/17/2023 12:21:34 PM UTC-0400,-1.14,-2.80%,0.4,1.02%,-23.77,-37.55%
MercadoLibre,Nasdaq 100,"1,298.68","1,301.88","1,288.46","1,308.77",-3.2,-0.25%,12:15 PM04/17/2023 12:15:48 PM UTC-0400,173.12,15.99%,433.98,52.79%,120.29,10.59%
Meta Platforms,Nasdaq 100,217.84,221.49,217.13,220.98,-3.65,-1.65%,12:21 PM04/17/2023 12:21:33 PM UTC-0400,77.02,56.23%,83.71,64.25%,-0.99,-0.46%
Microchip Technology,Nasdaq 100,79.07,79.53,78.77,79.6,-0.46,-0.58%,12:21 PM04/17/2023 12:21:12 PM UTC-0400,4.31,5.75%,19.79,33.29%,12.47,18.68%
Micron Technology,Nasdaq 100,62.09,62.63,61.99,62.77,-0.54,-0.86%,12:21 PM04/17/2023 12:21:29 PM UTC-0400,5.03,8.84%,7.1,12.94%,-10.42,-14.40%
Microsoft,Nasdaq 100,286.45,286.14,286.2,291.58,0.31,0.11%,12:21 PM04/17/2023 12:21:32 PM UTC-0400,44.26,18.50%,49.25,21.03%,-4.13,-1.44%
Moderna,Nasdaq 100,144.02,157.1,143.59,156.75,-13.08,-8.33%,12:21 PM04/17/2023 12:21:36 PM UTC-0400,-36.44,-18.98%,20.84,15.47%,-14.1,-8.31%
Mondelez,Nasdaq 100,69.93,69.81,69.71,70.19,0.12,0.17%,12:21 PM04/17/2023 12:21:30 PM UTC-0400,3.15,4.70%,12.53,21.72%,6.36,9.96%
Monster Beverage,Nasdaq 100,52.79,52.56,52.52,53.03,0.23,0.43%,12:21 PM04/17/2023 12:21:32 PM UTC-0400,1.43,2.80%,7.43,16.50%,10.47,24.91%
Netflix,Nasdaq 100,328.08,338.63,327.54,338.39,-10.55,-3.12%,12:21 PM04/17/2023 12:21:34 PM UTC-0400,-1.79,-0.54%,98.52,42.37%,-19.4,-5.54%
NVIDIA,Nasdaq 100,265.39,267.58,264.36,269.23,-2.19,-0.82%,12:21 PM04/17/2023 12:21:36 PM UTC-0400,95.96,56.78%,145.35,121.53%,42.92,19.33%
NXP Semiconductors,Nasdaq 100,172.47,172.35,170.85,173.68,0.12,0.07%,12:20 PM04/17/2023 12:20:30 PM UTC-0400,-1.6,-0.93%,27.05,18.89%,-0.81,-0.47%
O Reilly Automotive,Nasdaq 100,896.69,892.27,895.34,904.02,4.42,0.50%,12:19 PM04/17/2023 12:19:29 PM UTC-0400,61.88,7.59%,139.37,18.89%,153.25,21.16%
Old Dominion Freight Line,Nasdaq 100,337.16,338.67,337.16,341.73,-1.51,-0.45%,12:20 PM04/17/2023 12:20:51 PM UTC-0400,24.71,7.84%,71.51,26.63%,73.48,27.56%
Paccar,Nasdaq 100,73.2,72.72,73.03,73.57,0.48,0.66%,12:21 PM04/17/2023 12:21:02 PM UTC-0400,3.66,5.35%,11.95,19.86%,16.62,29.94%
Paychex,Nasdaq 100,108.34,107.92,108.08,109.01,0.42,0.39%,12:20 PM04/17/2023 12:20:54 PM UTC-0400,-11.9,-9.89%,-1.86,-1.69%,-29.48,-21.38%
PayPal,Nasdaq 100,76.97,76.53,76.56,77.94,0.44,0.58%,12:21 PM04/17/2023 12:21:32 PM UTC-0400,-5.98,-7.52%,-10.54,-12.54%,-31.67,-30.11%
PDD Holdings,Nasdaq 100,68.76,67.68,68.08,69.52,1.08,1.60%,12:21 PM04/17/2023 12:21:35 PM UTC-0400,-29.98,-30.91%,11.65,21.04%,23.11,52.63%
PepsiCo,Nasdaq 100,183.93,183.51,183.76,184.75,0.42,0.23%,12:21 PM04/17/2023 12:21:28 PM UTC-0400,7.32,4.18%,7.95,4.55%,9.56,5.53%
QUALCOMM,Nasdaq 100,119.09,120.16,118.62,119.84,-1.07,-0.89%,12:21 PM04/17/2023 12:21:29 PM UTC-0400,0.03,0.02%,7.41,6.57%,-20.23,-14.40%
Regeneron Pharmaceuticals,Nasdaq 100,822.87,829.33,821.58,833.62,-6.47,-0.78%,12:20 PM04/17/2023 12:20:14 PM UTC-0400,98.3,13.61%,67.87,9.02%,88.54,12.10%
Rivian Automotive,Nasdaq 100,13.84,13.38,13.35,14.12,0.46,3.44%,12:21 PM04/17/2023 12:21:30 PM UTC-0400,-2.26,-13.74%,-18.31,-56.34%,-26.96,-65.52%
Ross Stores,Nasdaq 100,103.72,104.6,103.54,104.99,-0.88,-0.84%,12:21 PM04/17/2023 12:21:17 PM UTC-0400,-17.12,-14.27%,17.44,20.41%,-0.04,-0.04%
Seagen,Nasdaq 100,205.84,205.5,205.66,206.35,0.34,0.17%,12:20 PM04/17/2023 12:20:59 PM UTC-0400,73.08,55.31%,71.67,53.67%,57.76,39.18%
Sirius XM,Nasdaq 100,3.96,3.96,3.95,4.03,0,0.00%,12:21 PM04/17/2023 12:21:34 PM UTC-0400,-1.98,-33.22%,-2.16,-35.18%,-2.55,-39.05%
Starbucks,Nasdaq 100,107.97,107.47,107.71,108.65,0.5,0.47%,12:21 PM04/17/2023 12:21:30 PM UTC-0400,-1.63,-1.52%,16.23,18.16%,24.68,30.50%
Synopsys,Nasdaq 100,376.8,381.68,376.8,382.48,-4.88,-1.28%,12:21 PM04/17/2023 12:21:18 PM UTC-0400,43.55,13.08%,89.09,31.00%,69.8,22.76%
Tesla,Nasdaq 100,183.29,185,182.7,189.69,-1.71,-0.92%,12:21 PM04/17/2023 12:21:36 PM UTC-0400,58.14,47.50%,-41.18,-18.57%,-160.25,-47.02%
Texas Instruments,Nasdaq 100,178.37,178.98,177.86,179.6,-0.61,-0.34%,12:21 PM04/17/2023 12:21:31 PM UTC-0400,-1.46,-0.82%,23.21,15.04%,2.44,1.39%
The Kraft Heinz Company,Nasdaq 100,39.34,39.1,39.1,39.4,0.24,0.62%,12:21 PM04/17/2023 12:21:35 PM UTC-0400,-3.14,-7.40%,3.5,9.78%,-2.72,-6.48%
T-Mobile US,Nasdaq 100,149.74,149.59,149.67,150.37,0.15,0.10%,12:21 PM04/17/2023 12:21:34 PM UTC-0400,-0.17,-0.11%,16.43,12.35%,14.66,10.87%
Verisk Analytic a,Nasdaq 100,191.04,191.86,191.01,193.28,-0.82,-0.43%,12:21 PM04/17/2023 12:21:07 PM UTC-0400,8.22,4.47%,22.43,13.21%,-21.94,-10.25%
Vertex Pharmaceuticals,Nasdaq 100,328.13,333.52,328.1,335,-5.39,-1.62%,12:21 PM04/17/2023 12:21:11 PM UTC-0400,25.43,8.45%,29.83,10.06%,35.44,12.18%
Walgreens Boots Alliance,Nasdaq 100,35.59,35.32,35.35,35.74,0.27,0.76%,12:21 PM04/17/2023 12:21:25 PM UTC-0400,-1.09,-2.96%,2.04,6.06%,-8.91,-19.98%
Warner Bros. Discovery,Nasdaq 100,14.18,13.78,13.76,14.22,0.4,2.90%,12:21 PM04/17/2023 12:21:35 PM UTC-0400,0.92,7.00%,1.56,12.48%,-11.94,-45.92%
Workda a,Nasdaq 100,194.87,194.04,193.29,195.38,0.83,0.43%,12:21 PM04/17/2023 12:21:03 PM UTC-0400,24.59,14.71%,49.03,34.36%,-36.92,-16.15%
Xcel Energy,Nasdaq 100,70.19,70.14,70.11,70.86,0.05,0.07%,12:21 PM04/17/2023 12:21:19 PM UTC-0400,-0.13,-0.18%,11.3,18.92%,-3.33,-4.48%
Zoom Video Communications,Nasdaq 100,67.87,69.5,67.75,69.19,-1.63,-2.35%,12:21 PM04/17/2023 12:21:24 PM UTC-0400,-2,-2.88%,-7.24,-9.69%,-47.4,-41.26%
